X,Y,CH,Density,GF,simulationID,simtime
-57.3612048440027,-48.00328335520708,0,0,1,87,140
-42.3612048440027,-48.00328335520708,0,0,1,87,140
-27.3612048440027,-48.00328335520708,0,0,1,87,140
-12.3612048440027,-48.00328335520708,0,0,1,87,140
2.6387951559973004,-48.00328335520708,0,0,1,87,140
17.6387951559973,-48.00328335520708,0,0,1,87,140
32.6387951559973,-48.00328335520708,0,0,1,87,140
47.6387951559973,-48.00328335520708,0,0,1,87,140
62.6387951559973,-48.00328335520708,87.73897038985727,10,0.9838187702265372,87,140
77.6387951559973,-48.00328335520708,0,0,1,87,140
92.6387951559973,-48.00328335520708,0,0,1,87,140
107.6387951559973,-48.00328335520708,0,0,1,87,140
122.6387951559973,-48.00328335520708,0,0,1,87,140
137.6387951559973,-48.00328335520708,0,0,1,87,140
152.6387951559973,-48.00328335520708,0,0,1,87,140
167.6387951559973,-48.00328335520708,0,0,1,87,140
182.6387951559973,-48.00328335520708,0,0,1,87,140
197.6387951559973,-48.00328335520708,0,0,1,87,140
212.6387951559973,-48.00328335520708,0,0,1,87,140
227.6387951559973,-48.00328335520708,0,0,1,87,140
242.6387951559973,-48.00328335520708,0,0,1,87,140
257.6387951559973,-48.00328335520708,0,0,1,87,140
272.6387951559973,-48.00328335520708,0,0,1,87,140
287.6387951559973,-48.00328335520708,0,0,1,87,140
302.6387951559973,-48.00328335520708,89.49433646718569,10,0.9838187702265372,87,140
317.6387951559973,-48.00328335520708,80.91656653180694,3,0.9951456310679612,87,140
332.6387951559973,-48.00328335520708,0,0,1,87,140
347.6387951559973,-48.00328335520708,0,0,1,87,140
362.6387951559973,-48.00328335520708,0,0,1,87,140
-57.3612048440027,-33.00328335520708,0,0,1,87,140
-42.3612048440027,-33.00328335520708,0,0,1,87,140
-27.3612048440027,-33.00328335520708,27.704442257908234,2,0.9967637540453075,87,140
-12.3612048440027,-33.00328335520708,34.39371002510754,6,0.9902912621359223,87,140
2.6387951559973004,-33.00328335520708,42.04685940621729,11,0.982200647249191,87,140
17.6387951559973,-33.00328335520708,0,0,1,87,140
32.6387951559973,-33.00328335520708,0,0,1,87,140
47.6387951559973,-33.00328335520708,0,0,1,87,140
62.6387951559973,-33.00328335520708,72.98823353687388,31,0.9498381877022654,87,140
77.6387951559973,-33.00328335520708,53.63090900916884,30,0.9514563106796117,87,140
92.6387951559973,-33.00328335520708,76.94798211236532,8,0.9870550161812298,87,140
107.6387951559973,-33.00328335520708,92.35144727557531,5,0.9919093851132686,87,140
122.6387951559973,-33.00328335520708,0,0,1,87,140
137.6387951559973,-33.00328335520708,0,0,1,87,140
152.6387951559973,-33.00328335520708,0,0,1,87,140
167.6387951559973,-33.00328335520708,0,0,1,87,140
182.6387951559973,-33.00328335520708,0,0,1,87,140
197.6387951559973,-33.00328335520708,47.27687148315605,8,0.9870550161812298,87,140
212.6387951559973,-33.00328335520708,30.5684302102378,23,0.9627831715210357,87,140
227.6387951559973,-33.00328335520708,0,0,1,87,140
242.6387951559973,-33.00328335520708,64.51041197178186,8,0.9870550161812298,87,140
257.6387951559973,-33.00328335520708,2.8220567876888127,6,0.9902912621359223,87,140
272.6387951559973,-33.00328335520708,93.28384804945769,10,0.9838187702265372,87,140
287.6387951559973,-33.00328335520708,47.56033013319588,27,0.9563106796116505,87,140
302.6387951559973,-33.00328335520708,71.11299237401434,45,0.9271844660194175,87,140
317.6387951559973,-33.00328335520708,69.42492329439548,35,0.9433656957928802,87,140
332.6387951559973,-33.00328335520708,54.92885226977546,14,0.9773462783171522,87,140
347.6387951559973,-33.00328335520708,76.29213036041085,24,0.9611650485436893,87,140
362.6387951559973,-33.00328335520708,74.94775203091888,27,0.9563106796116505,87,140
-57.3612048440027,-18.00328335520708,0,0,1,87,140
-42.3612048440027,-18.00328335520708,0,0,1,87,140
-27.3612048440027,-18.00328335520708,10.606592208363995,10,0.9838187702265372,87,140
-12.3612048440027,-18.00328335520708,36.623500031909124,20,0.9676375404530745,87,140
2.6387951559973004,-18.00328335520708,31.706675033116415,32,0.948220064724919,87,140
17.6387951559973,-18.00328335520708,3.6019292811193524,2,0.9967637540453075,87,140
32.6387951559973,-18.00328335520708,60.16732259785072,17,0.9724919093851133,87,140
47.6387951559973,-18.00328335520708,50.293442457431226,78,0.8737864077669902,87,140
62.6387951559973,-18.00328335520708,67.08116882832294,82,0.8673139158576052,87,140
77.6387951559973,-18.00328335520708,58.07711419297951,95,0.8462783171521036,87,140
92.6387951559973,-18.00328335520708,59.50584711457106,44,0.9288025889967637,87,140
107.6387951559973,-18.00328335520708,2.4187825481032035,12,0.9805825242718447,87,140
122.6387951559973,-18.00328335520708,17.95220514942286,13,0.9789644012944984,87,140
137.6387951559973,-18.00328335520708,7.736835765655952,2,0.9967637540453075,87,140
152.6387951559973,-18.00328335520708,10.502265403654762,10,0.9838187702265372,87,140
167.6387951559973,-18.00328335520708,14.003627249512986,12,0.9805825242718447,87,140
182.6387951559973,-18.00328335520708,76.89328748795388,15,0.9757281553398058,87,140
197.6387951559973,-18.00328335520708,64.81854568949504,43,0.93042071197411,87,140
212.6387951559973,-18.00328335520708,47.281718174055804,74,0.8802588996763754,87,140
227.6387951559973,-18.00328335520708,76.17927928719065,17,0.9724919093851133,87,140
242.6387951559973,-18.00328335520708,72.2804273307372,42,0.9320388349514563,87,140
257.6387951559973,-18.00328335520708,50.824669197559246,20,0.9676375404530745,87,140
272.6387951559973,-18.00328335520708,57.44227391228525,48,0.9223300970873787,87,140
287.6387951559973,-18.00328335520708,51.08140934832424,122,0.8025889967637541,87,140
302.6387951559973,-18.00328335520708,71.27849018214134,93,0.8495145631067961,87,140
317.6387951559973,-18.00328335520708,63.465288989808364,69,0.8883495145631068,87,140
332.6387951559973,-18.00328335520708,58.5259869099854,114,0.8155339805825242,87,140
347.6387951559973,-18.00328335520708,64.22900413292227,110,0.8220064724919094,87,140
362.6387951559973,-18.00328335520708,73.37906169381397,50,0.919093851132686,87,140
-57.3612048440027,-3.0032833552070812,0,0,1,87,140
-42.3612048440027,-3.0032833552070812,59.04252145996193,4,0.9935275080906149,87,140
-27.3612048440027,-3.0032833552070812,52.41719119611872,71,0.8851132686084142,87,140
-12.3612048440027,-3.0032833552070812,54.453639379237245,129,0.7912621359223301,87,140
2.6387951559973004,-3.0032833552070812,35.50835746950567,301,0.5129449838187702,87,140
17.6387951559973,-3.0032833552070812,32.62333105998253,257,0.5841423948220065,87,140
32.6387951559973,-3.0032833552070812,35.86935675430388,280,0.5469255663430421,87,140
47.6387951559973,-3.0032833552070812,30.28913934781932,290,0.5307443365695793,87,140
62.6387951559973,-3.0032833552070812,44.06777452729756,218,0.6472491909385113,87,140
77.6387951559973,-3.0032833552070812,38.432368448015346,427,0.30906148867313915,87,140
92.6387951559973,-3.0032833552070812,27.55847924659956,225,0.6359223300970874,87,140
107.6387951559973,-3.0032833552070812,33.76315286861004,160,0.7411003236245954,87,140
122.6387951559973,-3.0032833552070812,23.976386896397177,190,0.6925566343042071,87,140
137.6387951559973,-3.0032833552070812,26.952056072025286,62,0.8996763754045307,87,140
152.6387951559973,-3.0032833552070812,42.13612896026545,70,0.8867313915857605,87,140
167.6387951559973,-3.0032833552070812,50.85392673025493,80,0.8705501618122977,87,140
182.6387951559973,-3.0032833552070812,37.60344855085977,241,0.610032362459547,87,140
197.6387951559973,-3.0032833552070812,48.055712904710404,230,0.627831715210356,87,140
212.6387951559973,-3.0032833552070812,35.88794854016651,392,0.3656957928802589,87,140
227.6387951559973,-3.0032833552070812,50.91697313074141,260,0.5792880258899676,87,140
242.6387951559973,-3.0032833552070812,38.34785669176168,372,0.39805825242718446,87,140
257.6387951559973,-3.0032833552070812,40.576945671300244,313,0.4935275080906149,87,140
272.6387951559973,-3.0032833552070812,35.926991215909275,300,0.5145631067961165,87,140
287.6387951559973,-3.0032833552070812,42.31723203339865,418,0.32362459546925565,87,140
302.6387951559973,-3.0032833552070812,44.832892668442234,218,0.6472491909385113,87,140
317.6387951559973,-3.0032833552070812,29.05069321895082,329,0.46763754045307443,87,140
332.6387951559973,-3.0032833552070812,48.12478393657368,158,0.7443365695792881,87,140
347.6387951559973,-3.0032833552070812,51.86284695899336,118,0.8090614886731392,87,140
362.6387951559973,-3.0032833552070812,72.26972795795368,19,0.9692556634304207,87,140
-57.3612048440027,11.996716644792919,0,0,1,87,140
-42.3612048440027,11.996716644792919,81.89255115791896,24,0.9611650485436893,87,140
-27.3612048440027,11.996716644792919,56.33991731042616,94,0.8478964401294499,87,140
-12.3612048440027,11.996716644792919,59.73366299982599,109,0.8236245954692557,87,140
2.6387951559973004,11.996716644792919,47.687835392329006,173,0.7200647249190939,87,140
17.6387951559973,11.996716644792919,59.23952250097117,165,0.7330097087378641,87,140
32.6387951559973,11.996716644792919,53.93163632333039,188,0.6957928802588996,87,140
47.6387951559973,11.996716644792919,41.98470772978277,231,0.6262135922330098,87,140
62.6387951559973,11.996716644792919,56.55528273500809,214,0.6537216828478964,87,140
77.6387951559973,11.996716644792919,37.561220179880614,171,0.7233009708737864,87,140
92.6387951559973,11.996716644792919,50.796575472304816,234,0.6213592233009708,87,140
107.6387951559973,11.996716644792919,47.482758103881686,206,0.6666666666666666,87,140
122.6387951559973,11.996716644792919,51.92169042504453,287,0.5355987055016181,87,140
137.6387951559973,11.996716644792919,55.1707780797016,160,0.7411003236245954,87,140
152.6387951559973,11.996716644792919,50.083932633160785,101,0.8365695792880259,87,140
167.6387951559973,11.996716644792919,52.37283092113822,121,0.8042071197411004,87,140
182.6387951559973,11.996716644792919,51.51210978801627,244,0.6051779935275081,87,140
197.6387951559973,11.996716644792919,54.382555289412956,237,0.616504854368932,87,140
212.6387951559973,11.996716644792919,43.3626638819328,286,0.5372168284789643,87,140
227.6387951559973,11.996716644792919,66.55280514024825,271,0.5614886731391586,87,140
242.6387951559973,11.996716644792919,59.86451801629027,310,0.49838187702265374,87,140
257.6387951559973,11.996716644792919,58.316568347858464,219,0.6456310679611651,87,140
272.6387951559973,11.996716644792919,57.47474084740789,236,0.6181229773462783,87,140
287.6387951559973,11.996716644792919,51.91043326622551,270,0.5631067961165048,87,140
302.6387951559973,11.996716644792919,53.443998082618826,136,0.7799352750809061,87,140
317.6387951559973,11.996716644792919,35.32851988766866,76,0.8770226537216829,87,140
332.6387951559973,11.996716644792919,38.214456149355556,13,0.9789644012944984,87,140
347.6387951559973,11.996716644792919,32.059567844885706,9,0.9854368932038835,87,140
362.6387951559973,11.996716644792919,0,0,1,87,140
-57.3612048440027,26.99671664479292,78.61188465515397,20,0.9676375404530745,87,140
-42.3612048440027,26.99671664479292,86.4669931742523,40,0.9352750809061489,87,140
-27.3612048440027,26.99671664479292,65.57101399129284,48,0.9223300970873787,87,140
-12.3612048440027,26.99671664479292,39.765385514030555,70,0.8867313915857605,87,140
2.6387951559973004,26.99671664479292,30.584197780776606,328,0.4692556634304207,87,140
17.6387951559973,26.99671664479292,41.681929216227,412,0.3333333333333333,87,140
32.6387951559973,26.99671664479292,47.78139612917361,523,0.15372168284789645,87,140
47.6387951559973,26.99671664479292,45.42127731715083,570,0.07766990291262135,87,140
62.6387951559973,26.99671664479292,47.21285448531651,281,0.5453074433656958,87,140
77.6387951559973,26.99671664479292,34.657177529714176,456,0.2621359223300971,87,140
92.6387951559973,26.99671664479292,44.924493815208336,425,0.3122977346278317,87,140
107.6387951559973,26.99671664479292,46.30677520666977,497,0.19579288025889968,87,140
122.6387951559973,26.99671664479292,49.483146993848194,527,0.14724919093851133,87,140
137.6387951559973,26.99671664479292,57.2420104986281,192,0.6893203883495146,87,140
152.6387951559973,26.99671664479292,59.317863421284585,110,0.8220064724919094,87,140
167.6387951559973,26.99671664479292,48.17028624355932,43,0.93042071197411,87,140
182.6387951559973,26.99671664479292,36.30956838399298,198,0.6796116504854369,87,140
197.6387951559973,26.99671664479292,46.33613317838119,335,0.45792880258899676,87,140
212.6387951559973,26.99671664479292,47.24276756572833,532,0.13915857605177995,87,140
227.6387951559973,26.99671664479292,48.22865053989253,393,0.3640776699029126,87,140
242.6387951559973,26.99671664479292,34.54903521294836,427,0.30906148867313915,87,140
257.6387951559973,26.99671664479292,43.03222321295448,300,0.5145631067961165,87,140
272.6387951559973,26.99671664479292,40.735462975490506,394,0.36245954692556637,87,140
287.6387951559973,26.99671664479292,39.24778369630304,426,0.3106796116504854,87,140
302.6387951559973,26.99671664479292,45.014019195401204,252,0.5922330097087378,87,140
317.6387951559973,26.99671664479292,27.683417245981943,258,0.5825242718446602,87,140
332.6387951559973,26.99671664479292,28.2344831930605,42,0.9320388349514563,87,140
347.6387951559973,26.99671664479292,28.2154884360641,22,0.9644012944983819,87,140
362.6387951559973,26.99671664479292,0,0,1,87,140
-57.3612048440027,41.99671664479292,80.30973309882432,9,0.9854368932038835,87,140
-42.3612048440027,41.99671664479292,68.67580102800932,68,0.889967637540453,87,140
-27.3612048440027,41.99671664479292,49.759804539262355,153,0.7524271844660194,87,140
-12.3612048440027,41.99671664479292,50.6545058593468,199,0.6779935275080906,87,140
2.6387951559973004,41.99671664479292,37.05386445068263,217,0.6488673139158576,87,140
17.6387951559973,41.99671664479292,51.082156077127685,299,0.5161812297734628,87,140
32.6387951559973,41.99671664479292,56.951502322208356,447,0.2766990291262136,87,140
47.6387951559973,41.99671664479292,57.9963842266024,337,0.4546925566343042,87,140
62.6387951559973,41.99671664479292,64.71340614888739,255,0.587378640776699,87,140
77.6387951559973,41.99671664479292,49.92944006612541,409,0.33818770226537215,87,140
92.6387951559973,41.99671664479292,59.808941373448356,382,0.3818770226537217,87,140
107.6387951559973,41.99671664479292,56.26896436324951,545,0.11812297734627832,87,140
122.6387951559973,41.99671664479292,55.29080043495184,505,0.18284789644012944,87,140
137.6387951559973,41.99671664479292,67.03658384497783,213,0.6553398058252428,87,140
152.6387951559973,41.99671664479292,53.38596957151532,120,0.8058252427184466,87,140
167.6387951559973,41.99671664479292,45.28143192296025,87,0.8592233009708737,87,140
182.6387951559973,41.99671664479292,40.74941277990212,147,0.7621359223300971,87,140
197.6387951559973,41.99671664479292,56.344826688071436,343,0.4449838187702265,87,140
212.6387951559973,41.99671664479292,52.36451395858993,389,0.3705501618122977,87,140
227.6387951559973,41.99671664479292,60.96045112200567,283,0.5420711974110033,87,140
242.6387951559973,41.99671664479292,47.70700222536344,249,0.5970873786407767,87,140
257.6387951559973,41.99671664479292,52.27988245699481,287,0.5355987055016181,87,140
272.6387951559973,41.99671664479292,58.6625005771032,377,0.38996763754045305,87,140
287.6387951559973,41.99671664479292,46.785788698219704,427,0.30906148867313915,87,140
302.6387951559973,41.99671664479292,60.316003113450016,151,0.7556634304207119,87,140
317.6387951559973,41.99671664479292,28.41262890404335,89,0.8559870550161812,87,140
332.6387951559973,41.99671664479292,12.847172492269875,28,0.9546925566343042,87,140
347.6387951559973,41.99671664479292,8.44401150961963,10,0.9838187702265372,87,140
362.6387951559973,41.99671664479292,0,0,1,87,140
-57.3612048440027,56.99671664479292,80.3770679966368,6,0.9902912621359223,87,140
-42.3612048440027,56.99671664479292,71.27684204012004,38,0.9385113268608414,87,140
-27.3612048440027,56.99671664479292,48.51336796664324,113,0.8171521035598706,87,140
-12.3612048440027,56.99671664479292,49.72508297102509,100,0.8381877022653722,87,140
2.6387951559973004,56.99671664479292,24.22127150510875,172,0.7216828478964401,87,140
17.6387951559973,56.99671664479292,42.601944614403976,234,0.6213592233009708,87,140
32.6387951559973,56.99671664479292,42.98556478858872,174,0.7184466019417476,87,140
47.6387951559973,56.99671664479292,36.93161657177966,403,0.3478964401294498,87,140
62.6387951559973,56.99671664479292,53.202440533808485,265,0.5711974110032363,87,140
77.6387951559973,56.99671664479292,45.05778703779867,407,0.3414239482200647,87,140
92.6387951559973,56.99671664479292,57.76946047714327,300,0.5145631067961165,87,140
107.6387951559973,56.99671664479292,56.557624476133306,460,0.255663430420712,87,140
122.6387951559973,56.99671664479292,49.62344286537706,394,0.36245954692556637,87,140
137.6387951559973,56.99671664479292,68.92165596896173,101,0.8365695792880259,87,140
152.6387951559973,56.99671664479292,49.74995786739414,40,0.9352750809061489,87,140
167.6387951559973,56.99671664479292,41.61299872788223,41,0.9336569579288025,87,140
182.6387951559973,56.99671664479292,36.623460499849166,207,0.6650485436893204,87,140
197.6387951559973,56.99671664479292,54.66871941905962,343,0.4449838187702265,87,140
212.6387951559973,56.99671664479292,46.738533270349734,552,0.10679611650485436,87,140
227.6387951559973,56.99671664479292,54.04242218072571,375,0.3932038834951456,87,140
242.6387951559973,56.99671664479292,45.87501738575332,431,0.30258899676375406,87,140
257.6387951559973,56.99671664479292,52.44292459931985,267,0.5679611650485437,87,140
272.6387951559973,56.99671664479292,45.32826621862043,394,0.36245954692556637,87,140
287.6387951559973,56.99671664479292,45.76219135677499,431,0.30258899676375406,87,140
302.6387951559973,56.99671664479292,53.45530971609825,255,0.587378640776699,87,140
317.6387951559973,56.99671664479292,36.33980003501875,260,0.5792880258899676,87,140
332.6387951559973,56.99671664479292,21.827770435153315,61,0.901294498381877,87,140
347.6387951559973,56.99671664479292,14.644830826792035,32,0.948220064724919,87,140
362.6387951559973,56.99671664479292,0,0,1,87,140
-57.3612048440027,71.99671664479291,0,0,1,87,140
-42.3612048440027,71.99671664479291,0,0,1,87,140
-27.3612048440027,71.99671664479291,26.49242852603392,42,0.9320388349514563,87,140
-12.3612048440027,71.99671664479291,34.06003522225069,77,0.8754045307443366,87,140
2.6387951559973004,71.99671664479291,31.130225747715635,292,0.5275080906148867,87,140
17.6387951559973,71.99671664479291,43.968977599478144,303,0.5097087378640777,87,140
32.6387951559973,71.99671664479291,34.5074121836244,284,0.540453074433657,87,140
47.6387951559973,71.99671664479291,36.79193190909766,440,0.28802588996763756,87,140
62.6387951559973,71.99671664479291,54.35852076787694,269,0.5647249190938511,87,140
77.6387951559973,71.99671664479291,36.59912334067728,441,0.28640776699029125,87,140
92.6387951559973,71.99671664479291,44.172184566391195,399,0.35436893203883496,87,140
107.6387951559973,71.99671664479291,46.549216218425165,344,0.44336569579288027,87,140
122.6387951559973,71.99671664479291,35.46441998547323,332,0.4627831715210356,87,140
137.6387951559973,71.99671664479291,41.5006562597464,79,0.872168284789644,87,140
152.6387951559973,71.99671664479291,45.381716044463026,38,0.9385113268608414,87,140
167.6387951559973,71.99671664479291,27.41976983549994,56,0.9093851132686084,87,140
182.6387951559973,71.99671664479291,36.459408974819596,180,0.7087378640776699,87,140
197.6387951559973,71.99671664479291,44.783216067239856,293,0.5258899676375405,87,140
212.6387951559973,71.99671664479291,46.90804766352207,549,0.11165048543689321,87,140
227.6387951559973,71.99671664479291,58.87239418002455,433,0.2993527508090615,87,140
242.6387951559973,71.99671664479291,46.74910861782707,550,0.11003236245954692,87,140
257.6387951559973,71.99671664479291,52.29141953104243,502,0.18770226537216828,87,140
272.6387951559973,71.99671664479291,50.35372904284625,426,0.3106796116504854,87,140
287.6387951559973,71.99671664479291,42.85124144853105,476,0.2297734627831715,87,140
302.6387951559973,71.99671664479291,51.72633161609656,252,0.5922330097087378,87,140
317.6387951559973,71.99671664479291,40.085317025923025,380,0.3851132686084142,87,140
332.6387951559973,71.99671664479291,57.944314433875576,84,0.8640776699029126,87,140
347.6387951559973,71.99671664479291,64.16948087661773,41,0.9336569579288025,87,140
362.6387951559973,71.99671664479291,0,0,1,87,140
-57.3612048440027,86.99671664479291,0,0,1,87,140
-42.3612048440027,86.99671664479291,0,0,1,87,140
-27.3612048440027,86.99671664479291,50.41776193804568,56,0.9093851132686084,87,140
-12.3612048440027,86.99671664479291,55.383135822440615,137,0.7783171521035599,87,140
2.6387951559973004,86.99671664479291,56.64937023727532,271,0.5614886731391586,87,140
17.6387951559973,86.99671664479291,60.9899784755466,339,0.45145631067961167,87,140
32.6387951559973,86.99671664479291,57.96627866013134,265,0.5711974110032363,87,140
47.6387951559973,86.99671664479291,57.7018186110912,384,0.3786407766990291,87,140
62.6387951559973,86.99671664479291,65.02738784189617,278,0.5501618122977346,87,140
77.6387951559973,86.99671664479291,55.38807037818155,324,0.47572815533980584,87,140
92.6387951559973,86.99671664479291,57.063527065997015,343,0.4449838187702265,87,140
107.6387951559973,86.99671664479291,48.2583923274655,218,0.6472491909385113,87,140
122.6387951559973,86.99671664479291,41.63885308486472,122,0.8025889967637541,87,140
137.6387951559973,86.99671664479291,56.8724805780641,78,0.8737864077669902,87,140
152.6387951559973,86.99671664479291,41.439395095145414,67,0.8915857605177994,87,140
167.6387951559973,86.99671664479291,46.020295427773846,45,0.9271844660194175,87,140
182.6387951559973,86.99671664479291,52.40682807012151,97,0.843042071197411,87,140
197.6387951559973,86.99671664479291,56.863359466687335,276,0.5533980582524272,87,140
212.6387951559973,86.99671664479291,64.19470427816795,325,0.4741100323624595,87,140
227.6387951559973,86.99671664479291,67.49038845701102,297,0.5194174757281553,87,140
242.6387951559973,86.99671664479291,48.55242180496831,362,0.41423948220064727,87,140
257.6387951559973,86.99671664479291,61.93071047439257,294,0.5242718446601942,87,140
272.6387951559973,86.99671664479291,59.109419163062874,284,0.540453074433657,87,140
287.6387951559973,86.99671664479291,51.14676112112949,254,0.5889967637540453,87,140
302.6387951559973,86.99671664479291,59.585328634334445,121,0.8042071197411004,87,140
317.6387951559973,86.99671664479291,46.35089978614772,183,0.7038834951456311,87,140
332.6387951559973,86.99671664479291,56.85296944259497,102,0.8349514563106796,87,140
347.6387951559973,86.99671664479291,59.3113752025082,68,0.889967637540453,87,140
362.6387951559973,86.99671664479291,94.91818208133046,1,0.9983818770226537,87,140
-57.3612048440027,101.99671664479291,0,0,1,87,140
-42.3612048440027,101.99671664479291,53.56464544328978,2,0.9967637540453075,87,140
-27.3612048440027,101.99671664479291,32.99092350123968,52,0.9158576051779935,87,140
-12.3612048440027,101.99671664479291,54.16203043620762,210,0.6601941747572816,87,140
2.6387951559973004,101.99671664479291,48.50400550928733,502,0.18770226537216828,87,140
17.6387951559973,101.99671664479291,49.27767230093673,481,0.22168284789644013,87,140
32.6387951559973,101.99671664479291,48.718713254286236,361,0.41585760517799353,87,140
47.6387951559973,101.99671664479291,45.59674200313473,479,0.22491909385113268,87,140
62.6387951559973,101.99671664479291,52.303981807491965,409,0.33818770226537215,87,140
77.6387951559973,101.99671664479291,44.569169067056514,618,0,87,140
92.6387951559973,101.99671664479291,51.400196412037864,509,0.17637540453074432,87,140
107.6387951559973,101.99671664479291,38.5244182560999,239,0.6132686084142395,87,140
122.6387951559973,101.99671664479291,32.51199036192777,317,0.48705501618122976,87,140
137.6387951559973,101.99671664479291,46.54042479202745,202,0.6731391585760518,87,140
152.6387951559973,101.99671664479291,43.71410204636195,128,0.7928802588996764,87,140
167.6387951559973,101.99671664479291,41.7937331824493,98,0.8414239482200647,87,140
182.6387951559973,101.99671664479291,48.46922172929153,263,0.5744336569579288,87,140
197.6387951559973,101.99671664479291,46.04039076275109,346,0.4401294498381877,87,140
212.6387951559973,101.99671664479291,41.200266781413404,472,0.23624595469255663,87,140
227.6387951559973,101.99671664479291,57.496912088191706,353,0.42880258899676377,87,140
242.6387951559973,101.99671664479291,43.461131936933,505,0.18284789644012944,87,140
257.6387951559973,101.99671664479291,50.151685727641656,439,0.2896440129449838,87,140
272.6387951559973,101.99671664479291,47.90301880909011,511,0.17313915857605178,87,140
287.6387951559973,101.99671664479291,44.354056393332726,489,0.2087378640776699,87,140
302.6387951559973,101.99671664479291,45.91021978680594,248,0.598705501618123,87,140
317.6387951559973,101.99671664479291,35.564512041876604,376,0.39158576051779936,87,140
332.6387951559973,101.99671664479291,56.509440085555376,115,0.813915857605178,87,140
347.6387951559973,101.99671664479291,50.86155509364192,54,0.912621359223301,87,140
362.6387951559973,101.99671664479291,0,0,1,87,140
-57.3612048440027,116.99671664479291,0,0,1,87,140
-42.3612048440027,116.99671664479291,88.61822138436281,10,0.9838187702265372,87,140
-27.3612048440027,116.99671664479291,49.071369394987954,107,0.8268608414239482,87,140
-12.3612048440027,116.99671664479291,53.5202183748978,161,0.7394822006472492,87,140
2.6387951559973004,116.99671664479291,55.238533187703055,414,0.3300970873786408,87,140
17.6387951559973,116.99671664479291,55.38932636484408,347,0.43851132686084143,87,140
32.6387951559973,116.99671664479291,54.21592608380592,344,0.44336569579288027,87,140
47.6387951559973,116.99671664479291,53.4001968913077,439,0.2896440129449838,87,140
62.6387951559973,116.99671664479291,64.97142873909345,273,0.558252427184466,87,140
77.6387951559973,116.99671664479291,49.8240537688835,357,0.4223300970873786,87,140
92.6387951559973,116.99671664479291,57.34097793962671,252,0.5922330097087378,87,140
107.6387951559973,116.99671664479291,52.819980952133015,254,0.5889967637540453,87,140
122.6387951559973,116.99671664479291,39.940084319285646,244,0.6051779935275081,87,140
137.6387951559973,116.99671664479291,58.70158949977374,129,0.7912621359223301,87,140
152.6387951559973,116.99671664479291,36.21130276017036,71,0.8851132686084142,87,140
167.6387951559973,116.99671664479291,53.80992146957473,70,0.8867313915857605,87,140
182.6387951559973,116.99671664479291,43.39298678397847,127,0.7944983818770227,87,140
197.6387951559973,116.99671664479291,55.2096051033854,240,0.6116504854368932,87,140
212.6387951559973,116.99671664479291,53.554086700847314,362,0.41423948220064727,87,140
227.6387951559973,116.99671664479291,59.60504977269933,235,0.6197411003236246,87,140
242.6387951559973,116.99671664479291,46.52245583678577,369,0.4029126213592233,87,140
257.6387951559973,116.99671664479291,56.52697695937973,245,0.6035598705501618,87,140
272.6387951559973,116.99671664479291,53.924998139962696,271,0.5614886731391586,87,140
287.6387951559973,116.99671664479291,43.83373525995815,347,0.43851132686084143,87,140
302.6387951559973,116.99671664479291,47.01140440664193,149,0.7588996763754046,87,140
317.6387951559973,116.99671664479291,48.46796388025919,182,0.7055016181229773,87,140
332.6387951559973,116.99671664479291,27.860945017789405,49,0.9207119741100324,87,140
347.6387951559973,116.99671664479291,56.70287741245492,27,0.9563106796116505,87,140
362.6387951559973,116.99671664479291,0,0,1,87,140
-57.3612048440027,131.9967166447929,0,0,1,87,140
-42.3612048440027,131.9967166447929,74.93800421810437,30,0.9514563106796117,87,140
-27.3612048440027,131.9967166447929,55.56299738375743,97,0.843042071197411,87,140
-12.3612048440027,131.9967166447929,60.38384933533147,177,0.7135922330097088,87,140
2.6387951559973004,131.9967166447929,40.336619544226934,288,0.5339805825242718,87,140
17.6387951559973,131.9967166447929,48.80105430433975,296,0.5210355987055016,87,140
32.6387951559973,131.9967166447929,45.365753343049235,237,0.616504854368932,87,140
47.6387951559973,131.9967166447929,44.042212907879964,408,0.33980582524271846,87,140
62.6387951559973,131.9967166447929,48.04776633037757,260,0.5792880258899676,87,140
77.6387951559973,131.9967166447929,42.80792047052701,352,0.43042071197411,87,140
92.6387951559973,131.9967166447929,44.42361977552043,259,0.580906148867314,87,140
107.6387951559973,131.9967166447929,41.21623410081692,299,0.5161812297734628,87,140
122.6387951559973,131.9967166447929,44.682693022029106,348,0.4368932038834951,87,140
137.6387951559973,131.9967166447929,60.07683781964938,213,0.6553398058252428,87,140
152.6387951559973,131.9967166447929,62.37583579379555,119,0.8074433656957929,87,140
167.6387951559973,131.9967166447929,46.0699006483809,83,0.8656957928802589,87,140
182.6387951559973,131.9967166447929,42.13728189955934,259,0.580906148867314,87,140
197.6387951559973,131.9967166447929,50.93857108035921,370,0.40129449838187703,87,140
212.6387951559973,131.9967166447929,46.686670157756005,477,0.22815533980582525,87,140
227.6387951559973,131.9967166447929,53.04483612405456,293,0.5258899676375405,87,140
242.6387951559973,131.9967166447929,40.88670533436896,367,0.40614886731391586,87,140
257.6387951559973,131.9967166447929,51.3736954619673,338,0.45307443365695793,87,140
272.6387951559973,131.9967166447929,56.28750727247542,524,0.15210355987055016,87,140
287.6387951559973,131.9967166447929,49.10475328198124,569,0.07928802588996764,87,140
302.6387951559973,131.9967166447929,52.45254639237812,306,0.5048543689320388,87,140
317.6387951559973,131.9967166447929,42.093682498344535,289,0.5323624595469255,87,140
332.6387951559973,131.9967166447929,56.59043774545839,95,0.8462783171521036,87,140
347.6387951559973,131.9967166447929,33.050071776883236,48,0.9223300970873787,87,140
362.6387951559973,131.9967166447929,0,0,1,87,140
-57.3612048440027,146.9967166447929,0,0,1,87,140
-42.3612048440027,146.9967166447929,0,0,1,87,140
-27.3612048440027,146.9967166447929,59.50636718069821,50,0.919093851132686,87,140
-12.3612048440027,146.9967166447929,30.0457738981789,51,0.9174757281553398,87,140
2.6387951559973004,146.9967166447929,27.66491465508272,343,0.4449838187702265,87,140
17.6387951559973,146.9967166447929,39.953794991606166,320,0.48220064724919093,87,140
32.6387951559973,146.9967166447929,44.2471597624702,369,0.4029126213592233,87,140
47.6387951559973,146.9967166447929,38.69868604016988,423,0.3155339805825243,87,140
62.6387951559973,146.9967166447929,42.178693049527716,182,0.7055016181229773,87,140
77.6387951559973,146.9967166447929,33.96188193633752,362,0.41423948220064727,87,140
92.6387951559973,146.9967166447929,48.60937401153383,420,0.32038834951456313,87,140
107.6387951559973,146.9967166447929,47.97607123988723,387,0.3737864077669903,87,140
122.6387951559973,146.9967166447929,40.13734751242038,388,0.37216828478964403,87,140
137.6387951559973,146.9967166447929,59.428553744958904,124,0.7993527508090615,87,140
152.6387951559973,146.9967166447929,59.54918985388323,85,0.8624595469255664,87,140
167.6387951559973,146.9967166447929,13.903325964382189,21,0.9660194174757282,87,140
182.6387951559973,146.9967166447929,26.53786080383355,135,0.7815533980582524,87,140
197.6387951559973,146.9967166447929,45.01439815651848,384,0.3786407766990291,87,140
212.6387951559973,146.9967166447929,46.58563920860263,513,0.16990291262135923,87,140
227.6387951559973,146.9967166447929,50.9284536791765,339,0.45145631067961167,87,140
242.6387951559973,146.9967166447929,38.31877428709298,504,0.18446601941747573,87,140
257.6387951559973,146.9967166447929,49.903836950161896,492,0.20388349514563106,87,140
272.6387951559973,146.9967166447929,45.839941621148306,444,0.2815533980582524,87,140
287.6387951559973,146.9967166447929,41.413046415861,467,0.24433656957928804,87,140
302.6387951559973,146.9967166447929,54.11151022732918,259,0.580906148867314,87,140
317.6387951559973,146.9967166447929,42.451891017233,386,0.37540453074433655,87,140
332.6387951559973,146.9967166447929,36.970223002216024,75,0.8786407766990292,87,140
347.6387951559973,146.9967166447929,31.682609337589568,54,0.912621359223301,87,140
362.6387951559973,146.9967166447929,0,0,1,87,140
-57.3612048440027,161.9967166447929,0,0,1,87,140
-42.3612048440027,161.9967166447929,0,0,1,87,140
-27.3612048440027,161.9967166447929,21.692293194014326,20,0.9676375404530745,87,140
-12.3612048440027,161.9967166447929,27.815430067379822,28,0.9546925566343042,87,140
2.6387951559973004,161.9967166447929,45.45638180742173,121,0.8042071197411004,87,140
17.6387951559973,161.9967166447929,58.733468447451514,382,0.3818770226537217,87,140
32.6387951559973,161.9967166447929,56.714796033805136,446,0.2783171521035599,87,140
47.6387951559973,161.9967166447929,48.485207541240435,224,0.6375404530744336,87,140
62.6387951559973,161.9967166447929,55.96601500420395,120,0.8058252427184466,87,140
77.6387951559973,161.9967166447929,42.40211982212285,260,0.5792880258899676,87,140
92.6387951559973,161.9967166447929,59.521916610259716,288,0.5339805825242718,87,140
107.6387951559973,161.9967166447929,63.09137522580526,304,0.5080906148867314,87,140
122.6387951559973,161.9967166447929,61.548460659558984,257,0.5841423948220065,87,140
137.6387951559973,161.9967166447929,58.9372746254699,119,0.8074433656957929,87,140
152.6387951559973,161.9967166447929,55.49746812445206,56,0.9093851132686084,87,140
167.6387951559973,161.9967166447929,15.398680260156421,26,0.9579288025889967,87,140
182.6387951559973,161.9967166447929,56.26002305151419,40,0.9352750809061489,87,140
197.6387951559973,161.9967166447929,51.35354593631078,184,0.7022653721682848,87,140
212.6387951559973,161.9967166447929,55.994749195937686,309,0.5,87,140
227.6387951559973,161.9967166447929,58.21384729380252,298,0.517799352750809,87,140
242.6387951559973,161.9967166447929,49.330307023059,279,0.5485436893203883,87,140
257.6387951559973,161.9967166447929,55.46985937930239,210,0.6601941747572816,87,140
272.6387951559973,161.9967166447929,50.832771774335804,208,0.6634304207119741,87,140
287.6387951559973,161.9967166447929,45.944405661898145,218,0.6472491909385113,87,140
302.6387951559973,161.9967166447929,62.988805732121776,137,0.7783171521035599,87,140
317.6387951559973,161.9967166447929,52.54823828859946,236,0.6181229773462783,87,140
332.6387951559973,161.9967166447929,68.82613893620801,100,0.8381877022653722,87,140
347.6387951559973,161.9967166447929,56.96297251103625,44,0.9288025889967637,87,140
362.6387951559973,161.9967166447929,0,0,1,87,140
-57.3612048440027,176.9967166447929,0,0,1,87,140
-42.3612048440027,176.9967166447929,0,0,1,87,140
-27.3612048440027,176.9967166447929,28.541611268415554,23,0.9627831715210357,87,140
-12.3612048440027,176.9967166447929,23.339924365831177,64,0.8964401294498382,87,140
2.6387951559973004,176.9967166447929,36.14471889871323,381,0.38349514563106796,87,140
17.6387951559973,176.9967166447929,41.25269809096672,364,0.4110032362459547,87,140
32.6387951559973,176.9967166447929,52.13212234814133,447,0.2766990291262136,87,140
47.6387951559973,176.9967166447929,44.17697272843612,506,0.18122977346278318,87,140
62.6387951559973,176.9967166447929,55.36139736567288,346,0.4401294498381877,87,140
77.6387951559973,176.9967166447929,43.12104076482942,564,0.08737864077669903,87,140
92.6387951559973,176.9967166447929,44.185081972797946,521,0.156957928802589,87,140
107.6387951559973,176.9967166447929,47.39696433026123,431,0.30258899676375406,87,140
122.6387951559973,176.9967166447929,38.97868916384768,379,0.38673139158576053,87,140
137.6387951559973,176.9967166447929,51.257474425063926,94,0.8478964401294499,87,140
152.6387951559973,176.9967166447929,27.780368822958536,73,0.8818770226537217,87,140
167.6387951559973,176.9967166447929,29.086838736085667,57,0.9077669902912622,87,140
182.6387951559973,176.9967166447929,29.049649409244214,221,0.6423948220064725,87,140
197.6387951559973,176.9967166447929,37.75103690621912,320,0.48220064724919093,87,140
212.6387951559973,176.9967166447929,43.744557759907195,432,0.30097087378640774,87,140
227.6387951559973,176.9967166447929,55.33156033990613,381,0.38349514563106796,87,140
242.6387951559973,176.9967166447929,40.70273852676093,462,0.2524271844660194,87,140
257.6387951559973,176.9967166447929,47.35804711517517,466,0.2459546925566343,87,140
272.6387951559973,176.9967166447929,50.73689996596438,409,0.33818770226537215,87,140
287.6387951559973,176.9967166447929,35.25360322447203,391,0.3673139158576052,87,140
302.6387951559973,176.9967166447929,41.4440325297573,224,0.6375404530744336,87,140
317.6387951559973,176.9967166447929,40.34359602785695,445,0.27993527508090615,87,140
332.6387951559973,176.9967166447929,56.952475117451634,187,0.6974110032362459,87,140
347.6387951559973,176.9967166447929,46.08494813032909,53,0.9142394822006472,87,140
362.6387951559973,176.9967166447929,88.50944565527216,1,0.9983818770226537,87,140
-57.3612048440027,191.9967166447929,0,0,1,87,140
-42.3612048440027,191.9967166447929,0,0,1,87,140
-27.3612048440027,191.9967166447929,25.020206649321047,71,0.8851132686084142,87,140
-12.3612048440027,191.9967166447929,35.39877552539495,76,0.8770226537216829,87,140
2.6387951559973004,191.9967166447929,52.94719352824802,268,0.5663430420711975,87,140
17.6387951559973,191.9967166447929,49.25825177549038,280,0.5469255663430421,87,140
32.6387951559973,191.9967166447929,51.58554183255156,287,0.5355987055016181,87,140
47.6387951559973,191.9967166447929,48.13783919260278,382,0.3818770226537217,87,140
62.6387951559973,191.9967166447929,57.152419320829445,274,0.5566343042071198,87,140
77.6387951559973,191.9967166447929,41.8259151757985,305,0.5064724919093851,87,140
92.6387951559973,191.9967166447929,47.46803453174824,248,0.598705501618123,87,140
107.6387951559973,191.9967166447929,50.25299154974126,245,0.6035598705501618,87,140
122.6387951559973,191.9967166447929,36.73947447864313,238,0.6148867313915858,87,140
137.6387951559973,191.9967166447929,53.28391675208824,93,0.8495145631067961,87,140
152.6387951559973,191.9967166447929,48.701143338089935,54,0.912621359223301,87,140
167.6387951559973,191.9967166447929,75.24834430774808,28,0.9546925566343042,87,140
182.6387951559973,191.9967166447929,50.10660203477734,200,0.6763754045307443,87,140
197.6387951559973,191.9967166447929,58.55915589348051,210,0.6601941747572816,87,140
212.6387951559973,191.9967166447929,53.62349510842278,246,0.6019417475728155,87,140
227.6387951559973,191.9967166447929,52.37035701565695,306,0.5048543689320388,87,140
242.6387951559973,191.9967166447929,51.28268320991148,365,0.40938511326860844,87,140
257.6387951559973,191.9967166447929,57.56651372776025,462,0.2524271844660194,87,140
272.6387951559973,191.9967166447929,62.9873516478338,354,0.42718446601941745,87,140
287.6387951559973,191.9967166447929,38.63665033437684,331,0.46440129449838186,87,140
302.6387951559973,191.9967166447929,44.75775374087326,107,0.8268608414239482,87,140
317.6387951559973,191.9967166447929,52.95870223293873,196,0.6828478964401294,87,140
332.6387951559973,191.9967166447929,63.095640101156064,120,0.8058252427184466,87,140
347.6387951559973,191.9967166447929,62.75344152748605,61,0.901294498381877,87,140
362.6387951559973,191.9967166447929,83.19478354735523,4,0.9935275080906149,87,140
-57.3612048440027,206.9967166447929,0,0,1,87,140
-42.3612048440027,206.9967166447929,89.91930729230931,5,0.9919093851132686,87,140
-27.3612048440027,206.9967166447929,62.0900321470589,77,0.8754045307443366,87,140
-12.3612048440027,206.9967166447929,57.51653225845626,144,0.7669902912621359,87,140
2.6387951559973004,206.9967166447929,43.81526176171205,357,0.4223300970873786,87,140
17.6387951559973,206.9967166447929,51.4106562043651,371,0.39967637540453077,87,140
32.6387951559973,206.9967166447929,53.958255658455336,431,0.30258899676375406,87,140
47.6387951559973,206.9967166447929,48.76367522485723,485,0.215210355987055,87,140
62.6387951559973,206.9967166447929,61.527672672802886,288,0.5339805825242718,87,140
77.6387951559973,206.9967166447929,48.92985225997759,502,0.18770226537216828,87,140
92.6387951559973,206.9967166447929,54.503719486380085,421,0.3187702265372168,87,140
107.6387951559973,206.9967166447929,51.30168102101342,331,0.46440129449838186,87,140
122.6387951559973,206.9967166447929,37.9215677268733,289,0.5323624595469255,87,140
137.6387951559973,206.9967166447929,52.00362159277196,178,0.7119741100323624,87,140
152.6387951559973,206.9967166447929,42.98211203763232,113,0.8171521035598706,87,140
167.6387951559973,206.9967166447929,39.04537211565983,84,0.8640776699029126,87,140
182.6387951559973,206.9967166447929,43.44554602528319,210,0.6601941747572816,87,140
197.6387951559973,206.9967166447929,54.01833026300122,289,0.5323624595469255,87,140
212.6387951559973,206.9967166447929,43.357445133617254,331,0.46440129449838186,87,140
227.6387951559973,206.9967166447929,47.13383071547961,390,0.36893203883495146,87,140
242.6387951559973,206.9967166447929,45.95006656629976,511,0.17313915857605178,87,140
257.6387951559973,206.9967166447929,45.833724872153134,422,0.31715210355987056,87,140
272.6387951559973,206.9967166447929,52.107207903871334,322,0.47896440129449835,87,140
287.6387951559973,206.9967166447929,44.227533904051235,477,0.22815533980582525,87,140
302.6387951559973,206.9967166447929,54.01266290222292,271,0.5614886731391586,87,140
317.6387951559973,206.9967166447929,43.69371435270974,381,0.38349514563106796,87,140
332.6387951559973,206.9967166447929,52.73456096832946,62,0.8996763754045307,87,140
347.6387951559973,206.9967166447929,43.39729829651966,34,0.9449838187702265,87,140
362.6387951559973,206.9967166447929,0,0,1,87,140
-57.3612048440027,221.9967166447929,0,0,1,87,140
-42.3612048440027,221.9967166447929,0,0,1,87,140
-27.3612048440027,221.9967166447929,50.443143232671986,66,0.8932038834951457,87,140
-12.3612048440027,221.9967166447929,52.08704896362243,134,0.7831715210355987,87,140
2.6387951559973004,221.9967166447929,46.288384190461876,458,0.2588996763754045,87,140
17.6387951559973,221.9967166447929,51.82373534616051,460,0.255663430420712,87,140
32.6387951559973,221.9967166447929,51.2626275991004,597,0.03398058252427184,87,140
47.6387951559973,221.9967166447929,46.10878442304885,584,0.05501618122977346,87,140
62.6387951559973,221.9967166447929,57.0794632267326,360,0.4174757281553398,87,140
77.6387951559973,221.9967166447929,48.335028670092726,557,0.09870550161812297,87,140
92.6387951559973,221.9967166447929,56.720288380107895,444,0.2815533980582524,87,140
107.6387951559973,221.9967166447929,52.23689659668376,506,0.18122977346278318,87,140
122.6387951559973,221.9967166447929,43.47815324506776,483,0.21844660194174756,87,140
137.6387951559973,221.9967166447929,55.83496791287208,132,0.7864077669902912,87,140
152.6387951559973,221.9967166447929,47.64679874410695,57,0.9077669902912622,87,140
167.6387951559973,221.9967166447929,42.565532624153846,110,0.8220064724919094,87,140
182.6387951559973,221.9967166447929,38.56521796135446,260,0.5792880258899676,87,140
197.6387951559973,221.9967166447929,46.79685551194271,388,0.37216828478964403,87,140
212.6387951559973,221.9967166447929,39.040322412430015,530,0.1423948220064725,87,140
227.6387951559973,221.9967166447929,59.166307674536085,399,0.35436893203883496,87,140
242.6387951559973,221.9967166447929,45.23311622483753,495,0.19902912621359223,87,140
257.6387951559973,221.9967166447929,42.23537346364637,360,0.4174757281553398,87,140
272.6387951559973,221.9967166447929,43.92523166967627,339,0.45145631067961167,87,140
287.6387951559973,221.9967166447929,40.92141003104924,470,0.23948220064724918,87,140
302.6387951559973,221.9967166447929,53.13438492656319,251,0.5938511326860841,87,140
317.6387951559973,221.9967166447929,45.81801903115799,421,0.3187702265372168,87,140
332.6387951559973,221.9967166447929,41.18037957395558,135,0.7815533980582524,87,140
347.6387951559973,221.9967166447929,29.01182245310799,55,0.9110032362459547,87,140
362.6387951559973,221.9967166447929,0,0,1,87,140
-57.3612048440027,236.9967166447929,0,0,1,87,140
-42.3612048440027,236.9967166447929,0,0,1,87,140
-27.3612048440027,236.9967166447929,32.568266010036005,55,0.9110032362459547,87,140
-12.3612048440027,236.9967166447929,55.09233025592202,99,0.8398058252427184,87,140
2.6387951559973004,236.9967166447929,54.33066067341453,250,0.5954692556634305,87,140
17.6387951559973,236.9967166447929,58.56826832676416,251,0.5938511326860841,87,140
32.6387951559973,236.9967166447929,60.97334401924957,309,0.5,87,140
47.6387951559973,236.9967166447929,59.33962169283376,258,0.5825242718446602,87,140
62.6387951559973,236.9967166447929,59.98351269080875,285,0.5388349514563107,87,140
77.6387951559973,236.9967166447929,51.53638047535723,350,0.4336569579288026,87,140
92.6387951559973,236.9967166447929,66.19612275339702,335,0.45792880258899676,87,140
107.6387951559973,236.9967166447929,65.65120038401211,372,0.39805825242718446,87,140
122.6387951559973,236.9967166447929,57.843655696666126,228,0.6310679611650486,87,140
137.6387951559973,236.9967166447929,44.25645172461825,80,0.8705501618122977,87,140
152.6387951559973,236.9967166447929,41.55169374364942,61,0.901294498381877,87,140
167.6387951559973,236.9967166447929,57.08891255080487,49,0.9207119741100324,87,140
182.6387951559973,236.9967166447929,46.57712347588481,195,0.6844660194174758,87,140
197.6387951559973,236.9967166447929,60.08658473596187,309,0.5,87,140
212.6387951559973,236.9967166447929,63.60831332921875,324,0.47572815533980584,87,140
227.6387951559973,236.9967166447929,63.56997074863012,314,0.4919093851132686,87,140
242.6387951559973,236.9967166447929,55.889038581451025,339,0.45145631067961167,87,140
257.6387951559973,236.9967166447929,56.77691798995404,292,0.5275080906148867,87,140
272.6387951559973,236.9967166447929,65.73633854910007,252,0.5922330097087378,87,140
287.6387951559973,236.9967166447929,50.727507273807454,226,0.6343042071197411,87,140
302.6387951559973,236.9967166447929,59.37352777388762,166,0.7313915857605178,87,140
317.6387951559973,236.9967166447929,60.19638123628878,307,0.5032362459546925,87,140
332.6387951559973,236.9967166447929,69.02573150640805,138,0.7766990291262136,87,140
347.6387951559973,236.9967166447929,70.41697348863202,65,0.8948220064724919,87,140
362.6387951559973,236.9967166447929,80.08793744711564,3,0.9951456310679612,87,140
-57.3612048440027,251.9967166447929,0,0,1,87,140
-42.3612048440027,251.9967166447929,82.613888347279,21,0.9660194174757282,87,140
-27.3612048440027,251.9967166447929,63.550057633446706,116,0.8122977346278317,87,140
-12.3612048440027,251.9967166447929,57.699369019520105,181,0.7071197411003236,87,140
2.6387951559973004,251.9967166447929,35.86330188063174,351,0.4320388349514563,87,140
17.6387951559973,251.9967166447929,45.68462387487731,319,0.48381877022653724,87,140
32.6387951559973,251.9967166447929,43.023541921257156,365,0.40938511326860844,87,140
47.6387951559973,251.9967166447929,35.17245079182337,391,0.3673139158576052,87,140
62.6387951559973,251.9967166447929,47.26014370150095,355,0.4255663430420712,87,140
77.6387951559973,251.9967166447929,36.46225523850157,436,0.29449838187702265,87,140
92.6387951559973,251.9967166447929,48.65227129145693,451,0.2702265372168285,87,140
107.6387951559973,251.9967166447929,45.48927370511103,429,0.3058252427184466,87,140
122.6387951559973,251.9967166447929,34.20427961040813,367,0.40614886731391586,87,140
137.6387951559973,251.9967166447929,34.88355146569828,51,0.9174757281553398,87,140
152.6387951559973,251.9967166447929,12.290647990710236,38,0.9385113268608414,87,140
167.6387951559973,251.9967166447929,42.99049918532974,71,0.8851132686084142,87,140
182.6387951559973,251.9967166447929,41.27979027296287,282,0.5436893203883495,87,140
197.6387951559973,251.9967166447929,51.11445933705336,367,0.40614886731391586,87,140
212.6387951559973,251.9967166447929,43.87282703023647,540,0.1262135922330097,87,140
227.6387951559973,251.9967166447929,57.269061849857565,302,0.511326860841424,87,140
242.6387951559973,251.9967166447929,40.45984857834054,568,0.08090614886731391,87,140
257.6387951559973,251.9967166447929,46.68449557422351,577,0.06634304207119741,87,140
272.6387951559973,251.9967166447929,56.786019631031515,430,0.3042071197411003,87,140
287.6387951559973,251.9967166447929,45.76862531113635,556,0.10032362459546926,87,140
302.6387951559973,251.9967166447929,54.82573551273523,338,0.45307443365695793,87,140
317.6387951559973,251.9967166447929,41.79758796385584,445,0.27993527508090615,87,140
332.6387951559973,251.9967166447929,48.27744849021543,102,0.8349514563106796,87,140
347.6387951559973,251.9967166447929,56.68894332732861,53,0.9142394822006472,87,140
362.6387951559973,251.9967166447929,81.77794989560519,2,0.9967637540453075,87,140
-57.3612048440027,266.9967166447929,0,0,1,87,140
-42.3612048440027,266.9967166447929,75.83493679134557,18,0.970873786407767,87,140
-27.3612048440027,266.9967166447929,59.532182992364966,107,0.8268608414239482,87,140
-12.3612048440027,266.9967166447929,60.523280799538014,226,0.6343042071197411,87,140
2.6387951559973004,266.9967166447929,49.693740736807385,330,0.46601941747572817,87,140
17.6387951559973,266.9967166447929,47.92561847213996,302,0.511326860841424,87,140
32.6387951559973,266.9967166447929,54.65661540639922,230,0.627831715210356,87,140
47.6387951559973,266.9967166447929,52.25588061147152,319,0.48381877022653724,87,140
62.6387951559973,266.9967166447929,57.37257805995707,218,0.6472491909385113,87,140
77.6387951559973,266.9967166447929,44.893118293197084,360,0.4174757281553398,87,140
92.6387951559973,266.9967166447929,38.22655084647147,232,0.6245954692556634,87,140
107.6387951559973,266.9967166447929,38.603800991469804,158,0.7443365695792881,87,140
122.6387951559973,266.9967166447929,28.875931741145344,118,0.8090614886731392,87,140
137.6387951559973,266.9967166447929,23.772452581405993,48,0.9223300970873787,87,140
152.6387951559973,266.9967166447929,41.02030970178514,22,0.9644012944983819,87,140
167.6387951559973,266.9967166447929,47.01665918525024,81,0.8689320388349514,87,140
182.6387951559973,266.9967166447929,53.008156108463936,197,0.6812297734627831,87,140
197.6387951559973,266.9967166447929,54.114550959807495,251,0.5938511326860841,87,140
212.6387951559973,266.9967166447929,53.29345592218935,312,0.49514563106796117,87,140
227.6387951559973,266.9967166447929,49.92634413671384,254,0.5889967637540453,87,140
242.6387951559973,266.9967166447929,43.59085564286877,370,0.40129449838187703,87,140
257.6387951559973,266.9967166447929,58.86345038506716,274,0.5566343042071198,87,140
272.6387951559973,266.9967166447929,54.31946337005411,319,0.48381877022653724,87,140
287.6387951559973,266.9967166447929,51.672289192190604,343,0.4449838187702265,87,140
302.6387951559973,266.9967166447929,58.49377170467969,365,0.40938511326860844,87,140
317.6387951559973,266.9967166447929,49.69069379341333,270,0.5631067961165048,87,140
332.6387951559973,266.9967166447929,66.0334978996397,79,0.872168284789644,87,140
347.6387951559973,266.9967166447929,46.654325243967264,27,0.9563106796116505,87,140
362.6387951559973,266.9967166447929,0,0,1,87,140
-57.3612048440027,281.9967166447929,0,0,1,87,140
-42.3612048440027,281.9967166447929,89.92320079294063,11,0.982200647249191,87,140
-27.3612048440027,281.9967166447929,57.35334206116103,87,0.8592233009708737,87,140
-12.3612048440027,281.9967166447929,64.84649967634198,231,0.6262135922330098,87,140
2.6387951559973004,281.9967166447929,51.84977287087436,375,0.3932038834951456,87,140
17.6387951559973,281.9967166447929,54.32359144633576,404,0.34627831715210355,87,140
32.6387951559973,281.9967166447929,54.81320170250606,328,0.4692556634304207,87,140
47.6387951559973,281.9967166447929,41.473553409645255,411,0.33495145631067963,87,140
62.6387951559973,281.9967166447929,53.67197286468581,398,0.3559870550161812,87,140
77.6387951559973,281.9967166447929,44.3898711198683,478,0.22653721682847897,87,140
92.6387951559973,281.9967166447929,40.9256181769455,413,0.33171521035598706,87,140
107.6387951559973,281.9967166447929,44.53018829691683,224,0.6375404530744336,87,140
122.6387951559973,281.9967166447929,29.905583722053947,272,0.5598705501618123,87,140
137.6387951559973,281.9967166447929,13.59130959438088,38,0.9385113268608414,87,140
152.6387951559973,281.9967166447929,40.33628380032493,35,0.9433656957928802,87,140
167.6387951559973,281.9967166447929,54.94530895473466,100,0.8381877022653722,87,140
182.6387951559973,281.9967166447929,46.536586426579944,216,0.6504854368932039,87,140
197.6387951559973,281.9967166447929,59.43719797003685,292,0.5275080906148867,87,140
212.6387951559973,281.9967166447929,45.64597787202997,434,0.2977346278317152,87,140
227.6387951559973,281.9967166447929,58.38305878512458,320,0.48220064724919093,87,140
242.6387951559973,281.9967166447929,41.24287523080262,299,0.5161812297734628,87,140
257.6387951559973,281.9967166447929,45.08440879591457,280,0.5469255663430421,87,140
272.6387951559973,281.9967166447929,40.21688349952894,190,0.6925566343042071,87,140
287.6387951559973,281.9967166447929,36.0279158643826,354,0.42718446601941745,87,140
302.6387951559973,281.9967166447929,42.697485302437755,253,0.5906148867313916,87,140
317.6387951559973,281.9967166447929,36.751573740760875,228,0.6310679611650486,87,140
332.6387951559973,281.9967166447929,36.57676019567079,60,0.9029126213592233,87,140
347.6387951559973,281.9967166447929,19.834625951728146,20,0.9676375404530745,87,140
362.6387951559973,281.9967166447929,0,0,1,87,140
-57.3612048440027,296.9967166447929,0,0,1,87,140
-42.3612048440027,296.9967166447929,73.99737575803891,6,0.9902912621359223,87,140
-27.3612048440027,296.9967166447929,33.411420257089084,121,0.8042071197411004,87,140
-12.3612048440027,296.9967166447929,49.99912309448885,238,0.6148867313915858,87,140
2.6387951559973004,296.9967166447929,35.52880818887489,395,0.36084142394822005,87,140
17.6387951559973,296.9967166447929,46.624133858611245,425,0.3122977346278317,87,140
32.6387951559973,296.9967166447929,52.00346908162491,435,0.2961165048543689,87,140
47.6387951559973,296.9967166447929,42.367554760665996,487,0.21197411003236247,87,140
62.6387951559973,296.9967166447929,61.315738579319984,335,0.45792880258899676,87,140
77.6387951559973,296.9967166447929,49.88240220817133,599,0.030744336569579287,87,140
92.6387951559973,296.9967166447929,51.56404598068023,424,0.313915857605178,87,140
107.6387951559973,296.9967166447929,35.89235488208498,246,0.6019417475728155,87,140
122.6387951559973,296.9967166447929,28.721408537659514,254,0.5889967637540453,87,140
137.6387951559973,296.9967166447929,37.835645586446866,103,0.8333333333333334,87,140
152.6387951559973,296.9967166447929,52.81459086713642,128,0.7928802588996764,87,140
167.6387951559973,296.9967166447929,44.93098640450577,89,0.8559870550161812,87,140
182.6387951559973,296.9967166447929,34.354123850034966,192,0.6893203883495146,87,140
197.6387951559973,296.9967166447929,39.74331154810905,262,0.5760517799352751,87,140
212.6387951559973,296.9967166447929,43.16508457548267,475,0.2313915857605178,87,140
227.6387951559973,296.9967166447929,50.641980766207574,243,0.6067961165048543,87,140
242.6387951559973,296.9967166447929,35.36438321016936,388,0.37216828478964403,87,140
257.6387951559973,296.9967166447929,42.62604585368362,269,0.5647249190938511,87,140
272.6387951559973,296.9967166447929,38.946494668307444,339,0.45145631067961167,87,140
287.6387951559973,296.9967166447929,36.2587973733774,385,0.37702265372168287,87,140
302.6387951559973,296.9967166447929,35.3024703185864,166,0.7313915857605178,87,140
317.6387951559973,296.9967166447929,15.46405644971307,212,0.656957928802589,87,140
332.6387951559973,296.9967166447929,33.49892182093832,82,0.8673139158576052,87,140
347.6387951559973,296.9967166447929,23.670515388053666,43,0.93042071197411,87,140
362.6387951559973,296.9967166447929,0,0,1,87,140
-57.3612048440027,311.9967166447929,0,0,1,87,140
-42.3612048440027,311.9967166447929,92.0568388452109,3,0.9951456310679612,87,140
-27.3612048440027,311.9967166447929,28.036985310741688,37,0.9401294498381877,87,140
-12.3612048440027,311.9967166447929,72.99930200744924,70,0.8867313915857605,87,140
2.6387951559973004,311.9967166447929,57.49034559941082,70,0.8867313915857605,87,140
17.6387951559973,311.9967166447929,54.22897870099412,196,0.6828478964401294,87,140
32.6387951559973,311.9967166447929,56.24076163143097,267,0.5679611650485437,87,140
47.6387951559973,311.9967166447929,47.562012052638096,287,0.5355987055016181,87,140
62.6387951559973,311.9967166447929,63.23283227285157,233,0.6229773462783171,87,140
77.6387951559973,311.9967166447929,56.26064801935715,348,0.4368932038834951,87,140
92.6387951559973,311.9967166447929,60.138267370720484,336,0.4563106796116505,87,140
107.6387951559973,311.9967166447929,54.1279511370091,309,0.5,87,140
122.6387951559973,311.9967166447929,46.62756364199097,316,0.4886731391585761,87,140
137.6387951559973,311.9967166447929,51.581862196643755,148,0.7605177993527508,87,140
152.6387951559973,311.9967166447929,57.993889760346356,159,0.7427184466019418,87,140
167.6387951559973,311.9967166447929,60.686760630480144,142,0.7702265372168284,87,140
182.6387951559973,311.9967166447929,50.02497287570844,195,0.6844660194174758,87,140
197.6387951559973,311.9967166447929,56.82769572201594,254,0.5889967637540453,87,140
212.6387951559973,311.9967166447929,42.60093677076472,259,0.580906148867314,87,140
227.6387951559973,311.9967166447929,55.33712294866812,155,0.7491909385113269,87,140
242.6387951559973,311.9967166447929,50.85366309786489,233,0.6229773462783171,87,140
257.6387951559973,311.9967166447929,59.140115493342734,205,0.6682847896440129,87,140
272.6387951559973,311.9967166447929,59.57143079583039,296,0.5210355987055016,87,140
287.6387951559973,311.9967166447929,55.61813493878464,326,0.47249190938511326,87,140
302.6387951559973,311.9967166447929,53.11890576754392,153,0.7524271844660194,87,140
317.6387951559973,311.9967166447929,41.89648453529428,178,0.7119741100323624,87,140
332.6387951559973,311.9967166447929,53.2418020907035,130,0.7896440129449838,87,140
347.6387951559973,311.9967166447929,56.324953113604444,118,0.8090614886731392,87,140
362.6387951559973,311.9967166447929,69.06882066022357,34,0.9449838187702265,87,140
-57.3612048440027,326.9967166447929,72.41072982657363,5,0.9919093851132686,87,140
-42.3612048440027,326.9967166447929,74.47610867324391,19,0.9692556634304207,87,140
-27.3612048440027,326.9967166447929,47.776005761243916,84,0.8640776699029126,87,140
-12.3612048440027,326.9967166447929,47.25638428738365,154,0.7508090614886731,87,140
2.6387951559973004,326.9967166447929,35.22121778252846,344,0.44336569579288027,87,140
17.6387951559973,326.9967166447929,51.01746605998693,350,0.4336569579288026,87,140
32.6387951559973,326.9967166447929,45.82088571590663,467,0.24433656957928804,87,140
47.6387951559973,326.9967166447929,37.8967617701457,450,0.27184466019417475,87,140
62.6387951559973,326.9967166447929,44.10540737082161,302,0.511326860841424,87,140
77.6387951559973,326.9967166447929,45.89923847924255,558,0.0970873786407767,87,140
92.6387951559973,326.9967166447929,39.61219792262372,384,0.3786407766990291,87,140
107.6387951559973,326.9967166447929,47.6161735599676,329,0.46763754045307443,87,140
122.6387951559973,326.9967166447929,38.2252920691395,332,0.4627831715210356,87,140
137.6387951559973,326.9967166447929,49.82406537399093,161,0.7394822006472492,87,140
152.6387951559973,326.9967166447929,38.811141854339795,76,0.8770226537216829,87,140
167.6387951559973,326.9967166447929,36.36044516509224,97,0.843042071197411,87,140
182.6387951559973,326.9967166447929,47.1353168792215,295,0.5226537216828478,87,140
197.6387951559973,326.9967166447929,46.84416609591469,402,0.34951456310679613,87,140
212.6387951559973,326.9967166447929,41.323800224183195,492,0.20388349514563106,87,140
227.6387951559973,326.9967166447929,52.824741772232365,298,0.517799352750809,87,140
242.6387951559973,326.9967166447929,40.586044458934104,495,0.19902912621359223,87,140
257.6387951559973,326.9967166447929,42.50723461064368,381,0.38349514563106796,87,140
272.6387951559973,326.9967166447929,52.714773639179874,506,0.18122977346278318,87,140
287.6387951559973,326.9967166447929,46.79803936387691,597,0.03398058252427184,87,140
302.6387951559973,326.9967166447929,52.3929250427377,325,0.4741100323624595,87,140
317.6387951559973,326.9967166447929,36.213731711736145,330,0.46601941747572817,87,140
332.6387951559973,326.9967166447929,60.87919489542812,80,0.8705501618122977,87,140
347.6387951559973,326.9967166447929,56.74276772464093,105,0.8300970873786407,87,140
362.6387951559973,326.9967166447929,75.2372225652847,48,0.9223300970873787,87,140
-57.3612048440027,341.9967166447929,78.44417968893832,12,0.9805825242718447,87,140
-42.3612048440027,341.9967166447929,74.30095714816127,69,0.8883495145631068,87,140
-27.3612048440027,341.9967166447929,53.49507742426602,155,0.7491909385113269,87,140
-12.3612048440027,341.9967166447929,50.20652172516968,169,0.7265372168284789,87,140
2.6387951559973004,341.9967166447929,43.0231184544884,212,0.656957928802589,87,140
17.6387951559973,341.9967166447929,54.19835760629441,309,0.5,87,140
32.6387951559973,341.9967166447929,53.67227195487968,370,0.40129449838187703,87,140
47.6387951559973,341.9967166447929,48.122633472141025,268,0.5663430420711975,87,140
62.6387951559973,341.9967166447929,66.114981074717,223,0.63915857605178,87,140
77.6387951559973,341.9967166447929,49.386517337094126,380,0.3851132686084142,87,140
92.6387951559973,341.9967166447929,53.10736751165562,320,0.48220064724919093,87,140
107.6387951559973,341.9967166447929,59.513334016954865,312,0.49514563106796117,87,140
122.6387951559973,341.9967166447929,41.88622167464399,219,0.6456310679611651,87,140
137.6387951559973,341.9967166447929,53.24609743773201,115,0.813915857605178,87,140
152.6387951559973,341.9967166447929,19.091893166034225,45,0.9271844660194175,87,140
167.6387951559973,341.9967166447929,43.499879297881144,59,0.9045307443365695,87,140
182.6387951559973,341.9967166447929,50.35882579928077,245,0.6035598705501618,87,140
197.6387951559973,341.9967166447929,64.49106399570668,324,0.47572815533980584,87,140
212.6387951559973,341.9967166447929,58.40454181074625,391,0.3673139158576052,87,140
227.6387951559973,341.9967166447929,62.41332978883814,299,0.5161812297734628,87,140
242.6387951559973,341.9967166447929,48.491758078521116,343,0.4449838187702265,87,140
257.6387951559973,341.9967166447929,42.16768691462439,249,0.5970873786407767,87,140
272.6387951559973,341.9967166447929,54.71841675372154,258,0.5825242718446602,87,140
287.6387951559973,341.9967166447929,49.82897589987296,485,0.215210355987055,87,140
302.6387951559973,341.9967166447929,61.458792106078285,381,0.38349514563106796,87,140
317.6387951559973,341.9967166447929,43.111298867612724,237,0.616504854368932,87,140
332.6387951559973,341.9967166447929,47.54272171926737,56,0.9093851132686084,87,140
347.6387951559973,341.9967166447929,66.04334616599522,43,0.93042071197411,87,140
362.6387951559973,341.9967166447929,72.77913036367866,17,0.9724919093851133,87,140
-57.3612048440027,356.9967166447929,73.28170002210628,16,0.9741100323624595,87,140
-42.3612048440027,356.9967166447929,77.27855337019211,65,0.8948220064724919,87,140
-27.3612048440027,356.9967166447929,58.50288801682604,128,0.7928802588996764,87,140
-12.3612048440027,356.9967166447929,49.51263918546016,145,0.7653721682847896,87,140
2.6387951559973004,356.9967166447929,29.023497290600613,191,0.6909385113268608,87,140
17.6387951559973,356.9967166447929,36.42563157861151,215,0.6521035598705501,87,140
32.6387951559973,356.9967166447929,45.329885219419175,236,0.6181229773462783,87,140
47.6387951559973,356.9967166447929,49.99712114758545,342,0.44660194174757284,87,140
62.6387951559973,356.9967166447929,62.541074336302245,365,0.40938511326860844,87,140
77.6387951559973,356.9967166447929,46.9114975787344,496,0.19741100323624594,87,140
92.6387951559973,356.9967166447929,45.6470791191444,299,0.5161812297734628,87,140
107.6387951559973,356.9967166447929,49.94931503045886,351,0.4320388349514563,87,140
122.6387951559973,356.9967166447929,43.638170012366835,468,0.24271844660194175,87,140
137.6387951559973,356.9967166447929,57.753298593299554,108,0.8252427184466019,87,140
152.6387951559973,356.9967166447929,35.34616438514472,82,0.8673139158576052,87,140
167.6387951559973,356.9967166447929,35.3433787972684,76,0.8770226537216829,87,140
182.6387951559973,356.9967166447929,45.715113801160484,287,0.5355987055016181,87,140
197.6387951559973,356.9967166447929,56.4799617582905,337,0.4546925566343042,87,140
212.6387951559973,356.9967166447929,48.90328914622876,560,0.09385113268608414,87,140
227.6387951559973,356.9967166447929,55.33615552752337,305,0.5064724919093851,87,140
242.6387951559973,356.9967166447929,45.38437656185215,554,0.10355987055016182,87,140
257.6387951559973,356.9967166447929,47.89702912479933,387,0.3737864077669903,87,140
272.6387951559973,356.9967166447929,51.05375599069725,279,0.5485436893203883,87,140
287.6387951559973,356.9967166447929,46.953053499611485,409,0.33818770226537215,87,140
302.6387951559973,356.9967166447929,50.367756770798266,340,0.44983818770226536,87,140
317.6387951559973,356.9967166447929,33.57828507346813,233,0.6229773462783171,87,140
332.6387951559973,356.9967166447929,9.979565647698884,1,0.9983818770226537,87,140
347.6387951559973,356.9967166447929,65.5646287500407,4,0.9935275080906149,87,140
362.6387951559973,356.9967166447929,0,0,1,87,140
-57.3612048440027,371.9967166447929,0,0,1,87,140
-42.3612048440027,371.9967166447929,68.21107457715222,6,0.9902912621359223,87,140
-27.3612048440027,371.9967166447929,36.08435736762326,66,0.8932038834951457,87,140
-12.3612048440027,371.9967166447929,43.421929130209584,129,0.7912621359223301,87,140
2.6387951559973004,371.9967166447929,41.94645553386205,383,0.3802588996763754,87,140
17.6387951559973,371.9967166447929,46.72215764188163,410,0.3365695792880259,87,140
32.6387951559973,371.9967166447929,47.647665834253004,458,0.2588996763754045,87,140
47.6387951559973,371.9967166447929,35.99669723703004,440,0.28802588996763756,87,140
62.6387951559973,371.9967166447929,51.71583013059779,328,0.4692556634304207,87,140
77.6387951559973,371.9967166447929,44.24742582503578,495,0.19902912621359223,87,140
92.6387951559973,371.9967166447929,41.0780621157622,340,0.44983818770226536,87,140
107.6387951559973,371.9967166447929,33.75062024443888,298,0.517799352750809,87,140
122.6387951559973,371.9967166447929,38.34704315959039,428,0.3074433656957929,87,140
137.6387951559973,371.9967166447929,44.480464028990596,136,0.7799352750809061,87,140
152.6387951559973,371.9967166447929,43.81079248740428,38,0.9385113268608414,87,140
167.6387951559973,371.9967166447929,26.20148735340081,27,0.9563106796116505,87,140
182.6387951559973,371.9967166447929,25.99876065643233,179,0.7103559870550162,87,140
197.6387951559973,371.9967166447929,48.48366250298149,342,0.44660194174757284,87,140
212.6387951559973,371.9967166447929,42.0255506687871,462,0.2524271844660194,87,140
227.6387951559973,371.9967166447929,51.122719537208106,319,0.48381877022653724,87,140
242.6387951559973,371.9967166447929,43.61220907418497,483,0.21844660194174756,87,140
257.6387951559973,371.9967166447929,44.500039561800094,383,0.3802588996763754,87,140
272.6387951559973,371.9967166447929,47.78455553137818,393,0.3640776699029126,87,140
287.6387951559973,371.9967166447929,37.64586353314407,435,0.2961165048543689,87,140
302.6387951559973,371.9967166447929,50.86395535334156,327,0.470873786407767,87,140
317.6387951559973,371.9967166447929,36.66760390243215,318,0.4854368932038835,87,140
332.6387951559973,371.9967166447929,33.354605322966464,45,0.9271844660194175,87,140
347.6387951559973,371.9967166447929,9.124209607182094,17,0.9724919093851133,87,140
362.6387951559973,371.9967166447929,0,0,1,87,140
-57.3612048440027,386.9967166447929,0,0,1,87,140
-42.3612048440027,386.9967166447929,0,0,1,87,140
-27.3612048440027,386.9967166447929,42.59702795173681,33,0.9466019417475728,87,140
-12.3612048440027,386.9967166447929,50.66819497057463,68,0.889967637540453,87,140
2.6387951559973004,386.9967166447929,59.22806630245269,286,0.5372168284789643,87,140
17.6387951559973,386.9967166447929,59.293506076177145,339,0.45145631067961167,87,140
32.6387951559973,386.9967166447929,55.50056102454845,224,0.6375404530744336,87,140
47.6387951559973,386.9967166447929,47.76357945691223,252,0.5922330097087378,87,140
62.6387951559973,386.9967166447929,61.26869002123844,215,0.6521035598705501,87,140
77.6387951559973,386.9967166447929,56.319743149986365,441,0.28640776699029125,87,140
92.6387951559973,386.9967166447929,60.922717812453214,258,0.5825242718446602,87,140
107.6387951559973,386.9967166447929,52.43225469869584,130,0.7896440129449838,87,140
122.6387951559973,386.9967166447929,44.320469266248686,152,0.7540453074433657,87,140
137.6387951559973,386.9967166447929,44.4658367824424,49,0.9207119741100324,87,140
152.6387951559973,386.9967166447929,50.35024483924994,80,0.8705501618122977,87,140
167.6387951559973,386.9967166447929,42.40894022055194,47,0.9239482200647249,87,140
182.6387951559973,386.9967166447929,52.50593185575929,92,0.8511326860841424,87,140
197.6387951559973,386.9967166447929,61.86546288690086,119,0.8074433656957929,87,140
212.6387951559973,386.9967166447929,45.02072990456279,293,0.5258899676375405,87,140
227.6387951559973,386.9967166447929,62.53732773297651,273,0.558252427184466,87,140
242.6387951559973,386.9967166447929,52.61934596037828,285,0.5388349514563107,87,140
257.6387951559973,386.9967166447929,53.98404934913194,168,0.7281553398058253,87,140
272.6387951559973,386.9967166447929,50.04247014178723,258,0.5825242718446602,87,140
287.6387951559973,386.9967166447929,61.04714852423091,355,0.4255663430420712,87,140
302.6387951559973,386.9967166447929,63.829167478825624,261,0.5776699029126213,87,140
317.6387951559973,386.9967166447929,62.54652766987781,263,0.5744336569579288,87,140
332.6387951559973,386.9967166447929,53.83364028010091,89,0.8559870550161812,87,140
347.6387951559973,386.9967166447929,47.04755562037365,70,0.8867313915857605,87,140
362.6387951559973,386.9967166447929,0,0,1,87,140
-57.3612048440027,401.9967166447929,0,0,1,87,140
-42.3612048440027,401.9967166447929,0,0,1,87,140
-27.3612048440027,401.9967166447929,43.25587761276398,31,0.9498381877022654,87,140
-12.3612048440027,401.9967166447929,39.676231911930856,80,0.8705501618122977,87,140
2.6387951559973004,401.9967166447929,40.8154332684058,449,0.27346278317152106,87,140
17.6387951559973,401.9967166447929,50.02347725870006,489,0.2087378640776699,87,140
32.6387951559973,401.9967166447929,45.197723979489965,506,0.18122977346278318,87,140
47.6387951559973,401.9967166447929,39.77842087146466,399,0.35436893203883496,87,140
62.6387951559973,401.9967166447929,54.352258245238566,286,0.5372168284789643,87,140
77.6387951559973,401.9967166447929,44.80077786535776,501,0.18932038834951456,87,140
92.6387951559973,401.9967166447929,42.62777298362591,413,0.33171521035598706,87,140
107.6387951559973,401.9967166447929,35.80263057143907,224,0.6375404530744336,87,140
122.6387951559973,401.9967166447929,36.981576891298424,320,0.48220064724919093,87,140
137.6387951559973,401.9967166447929,43.96535813130737,132,0.7864077669902912,87,140
152.6387951559973,401.9967166447929,65.93041088098825,107,0.8268608414239482,87,140
167.6387951559973,401.9967166447929,63.22457614060444,194,0.686084142394822,87,140
182.6387951559973,401.9967166447929,49.18565731559107,337,0.4546925566343042,87,140
197.6387951559973,401.9967166447929,46.259822077128014,325,0.4741100323624595,87,140
212.6387951559973,401.9967166447929,40.27209185709914,542,0.12297734627831715,87,140
227.6387951559973,401.9967166447929,51.74376430527453,377,0.38996763754045305,87,140
242.6387951559973,401.9967166447929,41.767389576445794,503,0.18608414239482202,87,140
257.6387951559973,401.9967166447929,43.27485890300182,346,0.4401294498381877,87,140
272.6387951559973,401.9967166447929,38.02678830424545,287,0.5355987055016181,87,140
287.6387951559973,401.9967166447929,43.19117979935609,554,0.10355987055016182,87,140
302.6387951559973,401.9967166447929,60.17166389154055,344,0.44336569579288027,87,140
317.6387951559973,401.9967166447929,46.27507499755894,429,0.3058252427184466,87,140
332.6387951559973,401.9967166447929,49.403394610046064,126,0.7961165048543689,87,140
347.6387951559973,401.9967166447929,21.403969551547494,25,0.959546925566343,87,140
362.6387951559973,401.9967166447929,0,0,1,87,140
-57.3612048440027,416.9967166447929,0,0,1,87,140
-42.3612048440027,416.9967166447929,0,0,1,87,140
-27.3612048440027,416.9967166447929,51.344952570876885,32,0.948220064724919,87,140
-12.3612048440027,416.9967166447929,71.1290727725039,69,0.8883495145631068,87,140
2.6387951559973004,416.9967166447929,51.69568443734135,269,0.5647249190938511,87,140
17.6387951559973,416.9967166447929,55.17432070261144,317,0.48705501618122976,87,140
32.6387951559973,416.9967166447929,62.95347758724053,261,0.5776699029126213,87,140
47.6387951559973,416.9967166447929,51.94261389637918,245,0.6035598705501618,87,140
62.6387951559973,416.9967166447929,54.704502736474545,167,0.7297734627831716,87,140
77.6387951559973,416.9967166447929,48.24813476788114,289,0.5323624595469255,87,140
92.6387951559973,416.9967166447929,38.1314871119914,181,0.7071197411003236,87,140
107.6387951559973,416.9967166447929,35.71567100922255,155,0.7491909385113269,87,140
122.6387951559973,416.9967166447929,43.69528188314033,262,0.5760517799352751,87,140
137.6387951559973,416.9967166447929,64.74136130708087,195,0.6844660194174758,87,140
152.6387951559973,416.9967166447929,66.6798809256259,186,0.6990291262135923,87,140
167.6387951559973,416.9967166447929,69.71406041607764,183,0.7038834951456311,87,140
182.6387951559973,416.9967166447929,55.04063585114582,259,0.580906148867314,87,140
197.6387951559973,416.9967166447929,51.51526148266905,227,0.6326860841423948,87,140
212.6387951559973,416.9967166447929,54.111562902787696,461,0.2540453074433657,87,140
227.6387951559973,416.9967166447929,67.53991198427178,295,0.5226537216828478,87,140
242.6387951559973,416.9967166447929,42.98080132811675,234,0.6213592233009708,87,140
257.6387951559973,416.9967166447929,41.1335316274473,238,0.6148867313915858,87,140
272.6387951559973,416.9967166447929,53.24076721579635,186,0.6990291262135923,87,140
287.6387951559973,416.9967166447929,47.272486643577956,260,0.5792880258899676,87,140
302.6387951559973,416.9967166447929,54.51206429780648,224,0.6375404530744336,87,140
317.6387951559973,416.9967166447929,42.48222117905025,230,0.627831715210356,87,140
332.6387951559973,416.9967166447929,75.8589817868157,53,0.9142394822006472,87,140
347.6387951559973,416.9967166447929,61.719895060322614,25,0.959546925566343,87,140
362.6387951559973,416.9967166447929,0,0,1,87,140
-57.3612048440027,431.9967166447929,0,0,1,87,140
-42.3612048440027,431.9967166447929,85.13740570079551,8,0.9870550161812298,87,140
-27.3612048440027,431.9967166447929,46.27821927197332,58,0.9061488673139159,87,140
-12.3612048440027,431.9967166447929,56.177441887144916,119,0.8074433656957929,87,140
2.6387951559973004,431.9967166447929,40.91412805616139,319,0.48381877022653724,87,140
17.6387951559973,431.9967166447929,48.59381373132615,345,0.441747572815534,87,140
32.6387951559973,431.9967166447929,51.43249599374442,348,0.4368932038834951,87,140
47.6387951559973,431.9967166447929,39.467557317087405,325,0.4741100323624595,87,140
62.6387951559973,431.9967166447929,46.33909308036461,180,0.7087378640776699,87,140
77.6387951559973,431.9967166447929,40.652263872702164,425,0.3122977346278317,87,140
92.6387951559973,431.9967166447929,49.415275171089256,368,0.4045307443365696,87,140
107.6387951559973,431.9967166447929,38.18032122303497,191,0.6909385113268608,87,140
122.6387951559973,431.9967166447929,40.18296951330595,243,0.6067961165048543,87,140
137.6387951559973,431.9967166447929,59.59056288363697,200,0.6763754045307443,87,140
152.6387951559973,431.9967166447929,56.259044244878645,197,0.6812297734627831,87,140
167.6387951559973,431.9967166447929,51.7406336130602,110,0.8220064724919094,87,140
182.6387951559973,431.9967166447929,39.390093887947316,200,0.6763754045307443,87,140
197.6387951559973,431.9967166447929,52.160558809859076,203,0.6715210355987055,87,140
212.6387951559973,431.9967166447929,47.538270920770536,387,0.3737864077669903,87,140
227.6387951559973,431.9967166447929,59.70500978827912,227,0.6326860841423948,87,140
242.6387951559973,431.9967166447929,35.09262272098604,256,0.5857605177993528,87,140
257.6387951559973,431.9967166447929,47.36048526029817,307,0.5032362459546925,87,140
272.6387951559973,431.9967166447929,52.656346605470944,312,0.49514563106796117,87,140
287.6387951559973,431.9967166447929,47.21805702323218,458,0.2588996763754045,87,140
302.6387951559973,431.9967166447929,52.41654922275683,231,0.6262135922330098,87,140
317.6387951559973,431.9967166447929,29.067428347629527,204,0.6699029126213593,87,140
332.6387951559973,431.9967166447929,40.43557782381456,40,0.9352750809061489,87,140
347.6387951559973,431.9967166447929,42.19770270317166,23,0.9627831715210357,87,140
362.6387951559973,431.9967166447929,0,0,1,87,140
-57.3612048440027,446.9967166447929,0,0,1,87,140
-42.3612048440027,446.9967166447929,88.08598221515604,2,0.9967637540453075,87,140
-27.3612048440027,446.9967166447929,85.30815170113918,22,0.9644012944983819,87,140
-12.3612048440027,446.9967166447929,59.598556406605844,62,0.8996763754045307,87,140
2.6387951559973004,446.9967166447929,58.57481467611492,66,0.8932038834951457,87,140
17.6387951559973,446.9967166447929,64.63100040101773,143,0.7686084142394822,87,140
32.6387951559973,446.9967166447929,66.07736000589985,130,0.7896440129449838,87,140
47.6387951559973,446.9967166447929,48.87289748507975,59,0.9045307443365695,87,140
62.6387951559973,446.9967166447929,61.16981818036431,66,0.8932038834951457,87,140
77.6387951559973,446.9967166447929,66.69786985854945,155,0.7491909385113269,87,140
92.6387951559973,446.9967166447929,65.20832163288719,200,0.6763754045307443,87,140
107.6387951559973,446.9967166447929,63.42610773592853,95,0.8462783171521036,87,140
122.6387951559973,446.9967166447929,51.46381911533725,48,0.9223300970873787,87,140
137.6387951559973,446.9967166447929,81.83011432128473,32,0.948220064724919,87,140
152.6387951559973,446.9967166447929,73.65991956428898,28,0.9546925566343042,87,140
167.6387951559973,446.9967166447929,0,0,1,87,140
182.6387951559973,446.9967166447929,9.909659650529584,40,0.9352750809061489,87,140
197.6387951559973,446.9967166447929,54.74894323824018,44,0.9288025889967637,87,140
212.6387951559973,446.9967166447929,78.81923334438534,48,0.9223300970873787,87,140
227.6387951559973,446.9967166447929,52.72043774692003,108,0.8252427184466019,87,140
242.6387951559973,446.9967166447929,73.14220180023042,60,0.9029126213592233,87,140
257.6387951559973,446.9967166447929,66.9171507379664,133,0.7847896440129449,87,140
272.6387951559973,446.9967166447929,67.94324037926951,185,0.7006472491909385,87,140
287.6387951559973,446.9967166447929,66.94871480932868,146,0.7637540453074434,87,140
302.6387951559973,446.9967166447929,44.56753167136273,80,0.8705501618122977,87,140
317.6387951559973,446.9967166447929,34.804728963758784,16,0.9741100323624595,87,140
332.6387951559973,446.9967166447929,0,0,1,87,140
347.6387951559973,446.9967166447929,0,0,1,87,140
362.6387951559973,446.9967166447929,0,0,1,87,140
-57.3612048440027,461.9967166447929,0,0,1,87,140
-42.3612048440027,461.9967166447929,0,0,1,87,140
-27.3612048440027,461.9967166447929,0,0,1,87,140
-12.3612048440027,461.9967166447929,70.89117140396263,9,0.9854368932038835,87,140
2.6387951559973004,461.9967166447929,70.94284276232639,57,0.9077669902912622,87,140
17.6387951559973,461.9967166447929,83.4336753048864,42,0.9320388349514563,87,140
32.6387951559973,461.9967166447929,69.56749159095978,43,0.93042071197411,87,140
47.6387951559973,461.9967166447929,67.67283070905674,26,0.9579288025889967,87,140
62.6387951559973,461.9967166447929,66.9044472260598,25,0.959546925566343,87,140
77.6387951559973,461.9967166447929,70.61523269121136,102,0.8349514563106796,87,140
92.6387951559973,461.9967166447929,65.06649091372998,88,0.8576051779935275,87,140
107.6387951559973,461.9967166447929,64.19798484840803,21,0.9660194174757282,87,140
122.6387951559973,461.9967166447929,40.98869385094418,18,0.970873786407767,87,140
137.6387951559973,461.9967166447929,0,0,1,87,140
152.6387951559973,461.9967166447929,0,0,1,87,140
167.6387951559973,461.9967166447929,0,0,1,87,140
182.6387951559973,461.9967166447929,0,0,1,87,140
197.6387951559973,461.9967166447929,89.90978270977544,18,0.970873786407767,87,140
212.6387951559973,461.9967166447929,78.63551156351748,15,0.9757281553398058,87,140
227.6387951559973,461.9967166447929,46.454257546068796,19,0.9692556634304207,87,140
242.6387951559973,461.9967166447929,76.21100336674375,23,0.9627831715210357,87,140
257.6387951559973,461.9967166447929,67.67592038435758,69,0.8883495145631068,87,140
272.6387951559973,461.9967166447929,72.69378189492573,21,0.9660194174757282,87,140
287.6387951559973,461.9967166447929,67.86798460419438,53,0.9142394822006472,87,140
302.6387951559973,461.9967166447929,42.625547182008305,20,0.9676375404530745,87,140
317.6387951559973,461.9967166447929,-0.2124734885359768,2,0.9967637540453075,87,140
332.6387951559973,461.9967166447929,0,0,1,87,140
347.6387951559973,461.9967166447929,0,0,1,87,140
362.6387951559973,461.9967166447929,0,0,1,87,140
-57.3612048440027,476.9967166447929,0,0,1,87,140
-42.3612048440027,476.9967166447929,0,0,1,87,140
-27.3612048440027,476.9967166447929,0,0,1,87,140
-12.3612048440027,476.9967166447929,0,0,1,87,140
2.6387951559973004,476.9967166447929,0,0,1,87,140
17.6387951559973,476.9967166447929,80.81398639377775,8,0.9870550161812298,87,140
32.6387951559973,476.9967166447929,78.73167061153507,20,0.9676375404530745,87,140
47.6387951559973,476.9967166447929,0,0,1,87,140
62.6387951559973,476.9967166447929,0,0,1,87,140
77.6387951559973,476.9967166447929,80.90585661360763,8,0.9870550161812298,87,140
92.6387951559973,476.9967166447929,81.73899474505603,24,0.9611650485436893,87,140
107.6387951559973,476.9967166447929,0,0,1,87,140
122.6387951559973,476.9967166447929,0,0,1,87,140
137.6387951559973,476.9967166447929,0,0,1,87,140
152.6387951559973,476.9967166447929,0,0,1,87,140
167.6387951559973,476.9967166447929,0,0,1,87,140
182.6387951559973,476.9967166447929,0,0,1,87,140
197.6387951559973,476.9967166447929,0,0,1,87,140
212.6387951559973,476.9967166447929,0,0,1,87,140
227.6387951559973,476.9967166447929,0,0,1,87,140
242.6387951559973,476.9967166447929,79.26540735768458,8,0.9870550161812298,87,140
257.6387951559973,476.9967166447929,83.74100812353218,26,0.9579288025889967,87,140
272.6387951559973,476.9967166447929,81.98203253228749,6,0.9902912621359223,87,140
287.6387951559973,476.9967166447929,86.45447589945019,1,0.9983818770226537,87,140
302.6387951559973,476.9967166447929,0,0,1,87,140
317.6387951559973,476.9967166447929,0,0,1,87,140
332.6387951559973,476.9967166447929,0,0,1,87,140
347.6387951559973,476.9967166447929,0,0,1,87,140
362.6387951559973,476.9967166447929,0,0,1,87,140
