"","x","y","GF","Height","Intensity"
"4",357607.7,5609906.9,1,0.0949999988079071,6425
"5",357607.9,5609906.9,0.944444417953491,0.0379999987781048,6939
"6",357608.1,5609906.9,1,0.0560000017285347,6425
"8",357608.5,5609906.9,1,0,4112
"57",357607.7,5609906.7,1,0.0700000002980232,6425
"58",357607.9,5609906.7,0.97560977935791,0.0240000002086163,5911
"59",357608.1,5609906.7,1,0.11599999666214,6425
"60",357608.3,5609906.7,0.97826087474823,0.0450000017881393,5140
"61",357608.5,5609906.7,0.95652174949646,0.108999997377396,4112
"63",357608.9,5609906.7,0.974358975887299,0.034000001847744,2313
"64",357609.1,5609906.7,0.957446813583374,0.0359999984502792,4497.5
"66",357609.5,5609906.7,0.939393937587738,0.0939999967813492,3341
"114",357608.5,5609906.5,0.980392158031464,0.0659999996423721,4112
"115",357608.7,5609906.5,0.901960790157318,0.0780000016093254,4523.2001953125
"116",357608.9,5609906.5,0.823529422283173,0.11599999666214,4934.39990234375
"117",357609.1,5609906.5,0.863636374473572,0.0839999988675117,4561.75
"118",357609.3,5609906.5,0.954545438289642,0.0450000017881393,5011.5
"119",357609.5,5609906.5,1,0.0439999997615814,6682
"120",357609.7,5609906.5,0.97826087474823,0.0489999987185001,4369
"121",357609.9,5609906.5,1,0.0450000017881393,3598
"122",357610.1,5609906.5,0.93478262424469,0.0920000001788139,2313
"123",357610.3,5609906.5,1,0.0350000001490116,4497.5
"127",357611.1,5609906.5,0.888888895511627,0.0979999974370003,4026.33325195312
"128",357611.3,5609906.5,0.882352948188782,0.108999997377396,5654
"163",357607.7,5609906.3,0.982456147670746,0.0890000015497208,3341
"164",357607.9,5609906.3,1,0.105999998748302,5859.60009765625
"165",357608.1,5609906.3,1,0.104000002145767,4740.22216796875
"166",357608.3,5609906.3,0.980769217014313,0.148000001907349,6682
"167",357608.5,5609906.3,0.98412698507309,0.12899999320507,5911
"168",357608.7,5609906.3,0.949999988079071,0.0689999982714653,5525.5
"169",357608.9,5609906.3,0.95652174949646,0.0560000017285347,4112
"170",357609.1,5609906.3,0.839285731315613,0.104000002145767,4069.16674804688
"171",357609.3,5609906.3,0.977272748947144,0.00600000005215406,10280
"172",357609.5,5609906.3,0.97826087474823,0.0419999994337559,6682
"173",357609.7,5609906.3,1,0.138999998569489,5911
"174",357609.9,5609906.3,0.978723406791687,0.0439999997615814,3598
"175",357610.1,5609906.3,0.979591846466064,0.0949999988079071,6682
"178",357610.7,5609906.3,0.976190447807312,0.0719999969005585,4112
"179",357610.9,5609906.3,0.948717951774597,0.0509999990463257,4369
"180",357611.1,5609906.3,0.918918907642365,0.0689999982714653,4026.33325195312
"181",357611.3,5609906.3,0.970588207244873,0.114000000059605,5911
"182",357611.5,5609906.3,0.959183692932129,0.0810000002384186,5397
"183",357611.7,5609906.3,0.974358975887299,0.0529999993741512,4369
"184",357611.9,5609906.3,0.959999978542328,0.0920000001788139,4626
"185",357612.1,5609906.3,0.893617033958435,0.0649999976158142,5054.33349609375
"186",357612.3,5609906.3,0.948717951774597,0.108999997377396,5654
"188",357612.7,5609906.3,0.954545438289642,0.0970000028610229,6168
"190",357613.1,5609906.3,0.8125,0.10700000077486,7110.33349609375
"191",357613.3,5609906.3,1,0.0480000004172325,7453
"192",357613.5,5609906.3,0.800000011920929,0.11599999666214,10280
"193",357613.7,5609906.3,1,0.0209999997168779,5482.66650390625
"215",357607.5,5609906.1,0.923076927661896,0.061999998986721,2313
"216",357607.7,5609906.1,1,0.0640000030398369,3855
"217",357607.9,5609906.1,0.868421077728271,0.108999997377396,5859.60009765625
"218",357608.1,5609906.1,0.645833313465118,0.423000007867813,4740.22216796875
"219",357608.3,5609906.1,0.58695650100708,0.458000004291534,4176.25
"220",357608.5,5609906.1,0.583333313465118,0.451999992132187,4054.88891601562
"221",357608.7,5609906.1,0.421052634716034,0.453999996185303,4805.89990234375
"222",357608.9,5609906.1,0.706896543502808,0.370999991893768,4919.71435546875
"223",357609.1,5609906.1,0.737704932689667,0.517000019550323,4690.25
"224",357609.3,5609906.1,0.810344815254211,0.458999991416931,5996.66650390625
"225",357609.5,5609906.1,0.963636338710785,0.398000001907349,4060.60009765625
"226",357609.7,5609906.1,0.929824590682983,0.104000002145767,5911
"227",357609.9,5609906.1,0.981818199157715,0.0820000022649765,2313
"228",357610.1,5609906.1,0.983870983123779,0.199000000953674,4258.85693359375
"229",357610.3,5609906.1,0.982456147670746,0.105999998748302,7110.33349609375
"230",357610.5,5609906.1,0.963636338710785,0.0900000035762787,6425
"231",357610.7,5609906.1,0.966666638851166,0.0879999995231628,4112
"232",357610.9,5609906.1,0.939999997615814,0.0850000008940697,3084
"233",357611.1,5609906.1,0.93478262424469,0.112000003457069,5782.5
"234",357611.3,5609906.1,0.938775539398193,0.0989999994635582,7795.66650390625
"235",357611.5,5609906.1,0.962962985038757,0.0700000002980232,4112
"236",357611.7,5609906.1,0.978723406791687,0.0549999997019768,4369
"237",357611.9,5609906.1,0.964912295341492,0.0829999968409538,3469.5
"238",357612.1,5609906.1,0.911111116409302,0.0410000011324883,6939
"239",357612.3,5609906.1,0.972972989082336,0.0450000017881393,3598
"240",357612.5,5609906.1,1,0.0850000008940697,10280
"241",357612.7,5609906.1,0.97560977935791,0.0689999982714653,7710
"242",357612.9,5609906.1,1,0.0570000000298023,5525.5
"243",357613.1,5609906.1,0.939999997615814,0.0799999982118607,5397
"244",357613.3,5609906.1,0.97560977935791,0.0410000011324883,7453
"245",357613.5,5609906.1,0.979591846466064,0.104000002145767,10280
"246",357613.7,5609906.1,0.909090936183929,0.125,5482.66650390625
"247",357613.9,5609906.1,0.914285719394684,0.165000006556511,4369
"248",357614.1,5609906.1,0.903225779533386,0.0860000029206276,7453
"249",357614.3,5609906.1,0.952380955219269,0.0930000022053719,6168
"250",357614.5,5609906.1,0.909090936183929,0.0659999996423721,4497.5
"251",357614.7,5609906.1,0.9375,0.0439999997615814,3341
"252",357614.9,5609906.1,0.8125,0.0430000014603138,6682
"253",357615.1,5609906.1,1,0.0199999995529652,6039.5
"268",357607.5,5609905.9,0.899999976158142,0.118000000715256,4626
"269",357607.7,5609905.9,0.854545474052429,0.333000004291534,3855
"270",357607.9,5609905.9,0.438596487045288,0.303999990224838,4369
"271",357608.1,5609905.9,0.253731340169907,0.351999998092651,5247.08349609375
"272",357608.3,5609905.9,0.142857149243355,0.540000021457672,4283.33349609375
"273",357608.5,5609905.9,0.206896558403969,0.544000029563904,4721.18505859375
"274",357608.7,5609905.9,0.16666667163372,0.518999993801117,5218.21728515625
"275",357608.9,5609905.9,0.270833343267441,0.497000008821487,3780.04174804688
"276",357609.1,5609905.9,0.315789461135864,0.46399998664856,3887.125
"277",357609.3,5609905.9,0.358974367380142,0.469999998807907,3903.1875
"278",357609.5,5609905.9,0.625,0.503000020980835,4060.60009765625
"279",357609.7,5609905.9,0.69767439365387,0.462000012397766,5242.7998046875
"280",357609.9,5609905.9,0.510204076766968,0.405000001192093,4586.46142578125
"281",357610.1,5609905.9,0.519999980926514,0.425000011920929,4258.85693359375
"282",357610.3,5609905.9,0.772727251052856,0.361000001430511,7110.33349609375
"283",357610.5,5609905.9,0.681818187236786,0.462999999523163,3855
"284",357610.7,5609905.9,0.580645143985748,0.446999996900558,2955.5
"285",357610.9,5609905.9,0.627118647098541,0.425000011920929,6752.0908203125
"286",357611.1,5609905.9,0.745762705802917,0.44200000166893,3469.5
"287",357611.3,5609905.9,0.803571403026581,0.409000009298325,4985.7998046875
"288",357611.5,5609905.9,0.839999973773956,0.180000007152557,3855
"289",357611.7,5609905.9,0.904761910438538,0.214000001549721,3726.5
"290",357611.9,5609905.9,0.860000014305115,0.172999992966652,5011.5
"291",357612.1,5609905.9,0.851851880550385,0.177000001072884,7624.33349609375
"292",357612.3,5609905.9,0.91304349899292,0.150000005960464,5654
"293",357612.5,5609905.9,0.965517222881317,0.104999996721745,10280
"294",357612.7,5609905.9,0.93478262424469,0.0500000007450581,7710
"295",357612.9,5609905.9,0.95652174949646,0.0799999982118607,5525.5
"296",357613.1,5609905.9,0.95652174949646,0.104000002145767,4883
"297",357613.3,5609905.9,0.942857146263123,0.0689999982714653,5911
"298",357613.5,5609905.9,1,0.0179999992251396,10280
"299",357613.7,5609905.9,0.97560977935791,0.0790000036358833,5911
"300",357613.9,5609905.9,0.971428573131561,0.025000000372529,2570
"301",357614.1,5609905.9,0.959999978542328,0.0670000016689301,5911
"302",357614.3,5609905.9,1,0.068000003695488,6168
"303",357614.5,5609905.9,0.923076927661896,0.0769999995827675,5397
"304",357614.7,5609905.9,0.93478262424469,0.119999997317791,4711.66650390625
"305",357614.9,5609905.9,0.928571403026581,0.108999997377396,4540.33349609375
"306",357615.1,5609905.9,0.958333313465118,0.109999999403954,6039.5
"309",357615.7,5609905.9,0.972972989082336,0.158000007271767,4112
"310",357615.9,5609905.9,0.92592591047287,0.163000002503395,5011.5
"322",357607.7,5609905.7,0.790697693824768,0.314000010490417,5029.85693359375
"323",357607.9,5609905.7,0.473684221506119,0.246999993920326,3855
"324",357608.1,5609905.7,0.0434782616794109,0.34799998998642,4396.53564453125
"325",357608.3,5609905.7,0.0196078438311815,0.469999998807907,4919.71435546875
"326",357608.5,5609905.7,0.0172413792461157,0.442999988794327,5463.32275390625
"327",357608.7,5609905.7,0.0163934417068958,0.507000029087067,4783.51611328125
"328",357608.9,5609905.7,0.03125,0.476999998092651,4611.72216796875
"329",357609.1,5609905.7,0.046875,0.501999974250793,4571.48486328125
"330",357609.3,5609905.7,0.157894730567932,0.497000008821487,5151.173828125
"331",357609.5,5609905.7,0.29268291592598,0.527999997138977,3869.27783203125
"332",357609.7,5609905.7,0.384615391492844,0.370000004768372,4919.71435546875
"333",357609.9,5609905.7,0.224137932062149,0.513000011444092,4379.27978515625
"334",357610.1,5609905.7,0.181818187236786,0.446999996900558,4120.8623046875
"335",357610.3,5609905.7,0.300000011920929,0.388999998569489,5843.95654296875
"336",357610.5,5609905.7,0.222222223877907,0.554000020027161,4346.65234375
"337",357610.7,5609905.7,0.244897961616516,0.547999978065491,5877.47802734375
"338",357610.9,5609905.7,0.130434781312943,0.505999982357025,5162.34765625
"339",357611.1,5609905.7,0.309523820877075,0.449999988079071,3809.64697265625
"340",357611.3,5609905.7,0.407407402992249,0.404000014066696,4581.30419921875
"341",357611.5,5609905.7,0.34042552113533,0.470999985933304,4026.33325195312
"342",357611.7,5609905.7,0.3584905564785,0.495999991893768,4444.58837890625
"343",357611.9,5609905.7,0.5,0.421999990940094,4668.83349609375
"344",357612.1,5609905.7,0.618181824684143,0.375,4579.27294921875
"345",357612.3,5609905.7,0.620000004768372,0.472000002861023,3969.22216796875
"346",357612.5,5609905.7,0.734693884849548,0.261000007390976,4772.85693359375
"347",357612.7,5609905.7,0.777777791023254,0.428000003099442,4304.75
"348",357612.9,5609905.7,0.625,0.479999989271164,5632.58349609375
"349",357613.1,5609905.7,0.775510191917419,0.456000000238419,7967
"350",357613.3,5609905.7,0.736842095851898,0.451999992132187,5204.25
"351",357613.5,5609905.7,0.710526287555695,0.418000012636185,5103.28564453125
"352",357613.7,5609905.7,0.959183692932129,0.133000001311302,3341
"353",357613.9,5609905.7,0.9375,0.0790000036358833,4754.5
"354",357614.1,5609905.7,0.954545438289642,0.257999986410141,4626
"355",357614.3,5609905.7,0.972972989082336,0.0659999996423721,2313
"356",357614.5,5609905.7,1,0.0759999975562096,5397
"357",357614.7,5609905.7,0.931818187236786,0.0710000023245811,4369
"358",357614.9,5609905.7,0.972222208976746,0.158000007271767,5911
"359",357615.1,5609905.7,1,0.0309999994933605,6039.5
"361",357615.5,5609905.7,0.97826087474823,0.101000003516674,5911
"362",357615.7,5609905.7,0.95652174949646,0.0900000035762787,3212.5
"363",357615.9,5609905.7,0.955555558204651,0.0750000029802322,5911
"364",357616.1,5609905.7,1,0.0689999982714653,5461.25
"365",357616.3,5609905.7,0.98305082321167,0.155000001192093,5911
"367",357616.7,5609905.7,0.860000014305115,0.126000002026558,3426.66674804688
"368",357616.9,5609905.7,0.962264180183411,0.0729999989271164,5911
"370",357617.3,5609905.7,0.980000019073486,0.0839999988675117,4883
"371",357617.5,5609905.7,0.916666686534882,0.0759999975562096,4454.66650390625
"374",357607.5,5609905.5,0.958333313465118,0.105999998748302,2570
"375",357607.7,5609905.5,0.89473682641983,0.203999996185303,2398.66674804688
"376",357607.9,5609905.5,0.549019634723663,0.247999995946884,4334.7333984375
"377",357608.1,5609905.5,0.266666680574417,0.316000014543533,3895.57885742188
"378",357608.3,5609905.5,0.184615388512611,0.40599998831749,4579.27294921875
"379",357608.5,5609905.5,0.0212765950709581,0.386000007390976,4873.115234375
"380",357608.7,5609905.5,0.036363635212183,0.432000011205673,5268.5
"381",357608.9,5609905.5,0.0222222227603197,0.393999993801117,4204.52001953125
"382",357609.1,5609905.5,0.0526315793395042,0.453000009059906,4292.5947265625
"383",357609.3,5609905.5,0.0416666679084301,0.456000000238419,5435.07421875
"384",357609.5,5609905.5,0.302325576543808,0.500999987125397,3990.26318359375
"385",357609.7,5609905.5,0.266666680574417,0.416000008583069,3957.80004882812
"386",357609.9,5609905.5,0.0491803288459778,0.400000005960464,3678.3125
"387",357610.1,5609905.5,0.0517241396009922,0.391999989748001,4530.81494140625
"388",357610.3,5609905.5,0.0943396240472794,0.314999997615814,5130.115234375
"389",357610.5,5609905.5,0.0862068980932236,0.398000001907349,3731.25927734375
"390",357610.7,5609905.5,0.100000001490116,0.465999990701675,4730.40625
"391",357610.9,5609905.5,0.232558146119118,0.493000000715256,5654
"392",357611.1,5609905.5,0.4375,0.497999995946884,4211.9443359375
"393",357611.3,5609905.5,0.158730164170265,0.337999999523163,4158.72705078125
"394",357611.5,5609905.5,0.0204081628471613,0.407999992370605,5040.51611328125
"395",357611.7,5609905.5,0.0357142873108387,0.439999997615814,5101.060546875
"396",357611.9,5609905.5,0.0634920671582222,0.44200000166893,4673.34228515625
"397",357612.1,5609905.5,0.0576923079788685,0.414000004529953,4488.93310546875
"398",357612.3,5609905.5,0.159090906381607,0.421999990940094,4704.21728515625
"399",357612.5,5609905.5,0.346153855323792,0.412000000476837,4006.17651367188
"400",357612.7,5609905.5,0.355555564165115,0.541999995708466,5034.17626953125
"401",357612.9,5609905.5,0.370370358228683,0.46900001168251,4834.0478515625
"402",357613.1,5609905.5,0.423076927661896,0.544000029563904,5727.4287109375
"403",357613.3,5609905.5,0.41071429848671,0.504000008106232,4450.15771484375
"404",357613.5,5609905.5,0.372549027204514,0.45100000500679,4536.0498046875
"405",357613.7,5609905.5,0.518518507480621,0.40200001001358,3872.13330078125
"406",357613.9,5609905.5,0.524999976158142,0.465999990701675,6135.875
"407",357614.1,5609905.5,0.75555557012558,0.483000010251999,4711.66650390625
"408",357614.3,5609905.5,0.864864885807037,0.330000013113022,4197.66650390625
"409",357614.5,5609905.5,0.731707334518433,0.323000013828278,5611.16650390625
"410",357614.7,5609905.5,0.853658556938171,0.375,3341
"411",357614.9,5609905.5,0.823529422283173,0.453000009059906,8052.66650390625
"412",357615.1,5609905.5,0.944444417953491,0.142000004649162,3855
"413",357615.3,5609905.5,0.92592591047287,0.090999998152256,4112
"414",357615.5,5609905.5,0.941176474094391,0.0900000035762787,5011.5
"415",357615.7,5609905.5,0.952380955219269,0.0570000000298023,4883
"416",357615.9,5609905.5,0.945945918560028,0.127000004053116,4112
"417",357616.1,5609905.5,0.918918907642365,0.0790000036358833,5140
"418",357616.3,5609905.5,1,0.0500000007450581,3598
"419",357616.5,5609905.5,1,0.0450000017881393,10280
"420",357616.7,5609905.5,0.976744174957275,0.0419999994337559,4523.2001953125
"421",357616.9,5609905.5,0.930232584476471,0.0689999982714653,5911
"422",357617.1,5609905.5,0.964912295341492,0.0599999986588955,5011.5
"423",357617.3,5609905.5,0.857142865657806,0.101000003516674,4523.2001953125
"424",357617.5,5609905.5,0.837837815284729,0.0750000029802322,4818.75
"428",357607.7,5609905.3,0.813559293746948,0.296999990940094,3469.5
"429",357607.9,5609905.3,0.6875,0.212999999523163,4185.4287109375
"430",357608.1,5609905.3,0.316666662693024,0.345999985933304,4014.09521484375
"431",357608.3,5609905.3,0.231884062290192,0.407000005245209,4599.41357421875
"432",357608.5,5609905.3,0.0909090936183929,0.328999996185303,4001.85717773438
"433",357608.7,5609905.3,0.25,0.379999995231628,4863.962890625
"434",357608.9,5609905.3,0.181818187236786,0.312000006437302,4394.7001953125
"435",357609.1,5609905.3,0.224489793181419,0.398999989032745,4670.69580078125
"436",357609.3,5609905.3,0.236842110753059,0.398000001907349,4274.31591796875
"437",357609.5,5609905.3,0.348837196826935,0.518999993801117,4208.375
"438",357609.7,5609905.3,0.283018857240677,0.441000014543533,4342.41357421875
"439",357609.9,5609905.3,0.16326530277729,0.430999994277954,3908.54174804688
"440",357610.1,5609905.3,0.29824560880661,0.316000014543533,4863.23095703125
"441",357610.3,5609905.3,0.291666656732559,0.326999992132187,4354.72216796875
"442",357610.5,5609905.3,0.191489368677139,0.294999986886978,3819.95458984375
"443",357610.7,5609905.3,0.224489793181419,0.342999994754791,4964.15771484375
"444",357610.9,5609905.3,0.5,0.425000011920929,3997.77783203125
"445",357611.1,5609905.3,0.652173936367035,0.449000000953674,4228.818359375
"446",357611.3,5609905.3,0.121212124824524,0.39300000667572,4524.552734375
"447",357611.5,5609905.3,0.115384615957737,0.363999992609024,3835.23071289062
"448",357611.7,5609905.3,0.0925925895571709,0.375999987125397,4540.33349609375
"449",357611.9,5609905.3,0.0204081628471613,0.361000001430511,4378.1787109375
"450",357612.1,5609905.3,0.036363635212183,0.347000002861023,4777.17626953125
"451",357612.3,5609905.3,0.239999994635582,0.375,4451.240234375
"452",357612.5,5609905.3,0.288888901472092,0.449999988079071,4341.947265625
"453",357612.7,5609905.3,0.148148149251938,0.412000000476837,5048.21435546875
"454",357612.9,5609905.3,0.0172413792461157,0.45100000500679,4895.23828125
"455",357613.1,5609905.3,0.0188679248094559,0.400000005960464,5948.7939453125
"456",357613.3,5609905.3,0.0444444455206394,0.367000013589859,6005.2333984375
"457",357613.5,5609905.3,0.0196078438311815,0.44200000166893,5059.228515625
"458",357613.7,5609905.3,0.0833333358168602,0.51800000667572,4876.41015625
"459",357613.9,5609905.3,0.265306115150452,0.501999974250793,5072.95654296875
"460",357614.1,5609905.3,0.413043469190598,0.458000004291534,4526.0556640625
"461",357614.3,5609905.3,0.488372087478638,0.509999990463257,4004.91674804688
"462",357614.5,5609905.3,0.510638296604156,0.574999988079071,5060.9228515625
"463",357614.7,5609905.3,0.482758611440659,0.439999997615814,4079.875
"464",357614.9,5609905.3,0.571428596973419,0.416999995708466,4997.22216796875
"465",357615.1,5609905.3,0.511627912521362,0.412000000476837,5470.4287109375
"466",357615.3,5609905.3,0.534482777118683,0.382999986410141,4383.27783203125
"467",357615.5,5609905.3,0.60606062412262,0.407999992370605,7710
"468",357615.7,5609905.3,0.744680821895599,0.256999999284744,3712.22216796875
"469",357615.9,5609905.3,0.785714268684387,0.43299999833107,3598
"470",357616.1,5609905.3,0.809523820877075,0.435999989509583,3598
"471",357616.3,5609905.3,0.93478262424469,0.319000005722046,3598
"472",357616.5,5609905.3,0.926829278469086,0.0509999990463257,10280
"473",357616.7,5609905.3,0.863636374473572,0.129999995231628,4523.2001953125
"474",357616.9,5609905.3,0.960784316062927,0.131999999284744,3855
"475",357617.1,5609905.3,0.979166686534882,0.101999998092651,4112
"476",357617.3,5609905.3,0.976190447807312,0.0750000029802322,4883
"477",357617.5,5609905.3,0.966666638851166,0.0549999997019768,5911
"480",357607.5,5609905.1,0.977272748947144,0.219999998807907,3855
"481",357607.7,5609905.1,0.862745106220245,0.282000005245209,3662.25
"482",357607.9,5609905.1,0.612903237342834,0.233999997377396,4429.470703125
"483",357608.1,5609905.1,0.396551728248596,0.263000011444092,3676.21728515625
"484",357608.3,5609905.1,0.203389823436737,0.446999996900558,4719.45458984375
"485",357608.5,5609905.1,0.290909081697464,0.418999999761581,3630.125
"486",357608.7,5609905.1,0.188679248094559,0.407999992370605,4821.8095703125
"487",357608.9,5609905.1,0.326923072338104,0.335999995470047,3906.39990234375
"488",357609.1,5609905.1,0.186440676450729,0.44200000166893,3887.125
"489",357609.3,5609905.1,0.288135588169098,0.467000007629395,4014.09521484375
"490",357609.5,5609905.1,0.46428570151329,0.513000011444092,4288.6875
"491",357609.7,5609905.1,0.245901644229889,0.372000008821487,4664.07421875
"492",357609.9,5609905.1,0.0967741906642914,0.351999998092651,4066.64697265625
"493",357610.1,5609905.1,0.338983058929443,0.26800000667572,4797.33349609375
"494",357610.3,5609905.1,0.531914889812469,0.319999992847443,3897.83325195312
"495",357610.5,5609905.1,0.210526317358017,0.24099999666214,4274.7666015625
"496",357610.7,5609905.1,0.428571432828903,0.425999999046326,4883
"497",357610.9,5609905.1,0.574999988079071,0.493000000715256,2900.42846679688
"498",357611.1,5609905.1,0.568181812763214,0.389999985694885,3289.60009765625
"499",357611.3,5609905.1,0.115384615957737,0.44200000166893,4521.59375
"500",357611.5,5609905.1,0.0638297870755196,0.33500000834465,4129.13330078125
"501",357611.7,5609905.1,0.10416666418314,0.287999987602234,4479.14306640625
"502",357611.9,5609905.1,0.10416666418314,0.310999989509583,4275.54541015625
"503",357612.1,5609905.1,0.333333343267441,0.300999999046326,4263.17626953125
"504",357612.3,5609905.1,0.28571429848671,0.32600000500679,3932.10009765625
"505",357612.5,5609905.1,0.428571432828903,0.441000014543533,4047.75
"506",357612.7,5609905.1,0.100000001490116,0.486000001430511,4079.875
"507",357612.9,5609905.1,0.0204081628471613,0.449000000953674,4658.125
"508",357613.1,5609905.1,0.0175438597798347,0.402999997138977,5068.611328125
"509",357613.3,5609905.1,0.0625,0.360000014305115,4968.66650390625
"510",357613.5,5609905.1,0.0199999995529652,0.421999990940094,5611.16650390625
"511",357613.7,5609905.1,0.020833333954215,0.47299998998642,5448.39990234375
"512",357613.9,5609905.1,0.204081639647484,0.540000021457672,5934.36376953125
"513",357614.1,5609905.1,0.234042555093765,0.432000011205673,4818.75
"514",357614.3,5609905.1,0.0799999982118607,0.458999991416931,4823.033203125
"515",357614.5,5609905.1,0.0384615398943424,0.446999996900558,4589.28564453125
"516",357614.7,5609905.1,0.0847457647323608,0.455000013113022,4773.9697265625
"517",357614.9,5609905.1,0.134615391492844,0.462000012397766,4343.2998046875
"518",357615.1,5609905.1,0.176470592617989,0.444999992847443,5024.79296875
"519",357615.3,5609905.1,0.30158731341362,0.462000012397766,3668.896484375
"520",357615.5,5609905.1,0.395348846912384,0.439999997615814,3855
"521",357615.7,5609905.1,0.4375,0.490000009536743,4502.64013671875
"522",357615.9,5609905.1,0.33928570151329,0.418999999761581,4836.27294921875
"523",357616.1,5609905.1,0.468085110187531,0.435000002384186,4476.08349609375
"524",357616.3,5609905.1,0.423076927661896,0.409000009298325,3930.58813476562
"525",357616.5,5609905.1,0.538461565971375,0.430000007152557,5011.5
"526",357616.7,5609905.1,0.448979586362839,0.397000014781952,5311.33349609375
"527",357616.9,5609905.1,0.625,0.462000012397766,4291.89990234375
"528",357617.1,5609905.1,0.69767439365387,0.254999995231628,4772.85693359375
"529",357617.3,5609905.1,0.734693884849548,0.246999993920326,4295.5712890625
"530",357617.5,5609905.1,0.909090936183929,0.100000001490116,4707.0771484375
"534",357607.7,5609904.9,0.888888895511627,0.177000001072884,3649.39990234375
"535",357607.9,5609904.9,0.786885261535645,0.275000005960464,3561.28564453125
"536",357608.1,5609904.9,0.366666674613953,0.354999989271164,4304.75
"537",357608.3,5609904.9,0.0961538478732109,0.323000013828278,4774.78955078125
"538",357608.5,5609904.9,0.264150947332382,0.294999986886978,4036.41186523438
"539",357608.7,5609904.9,0.326923072338104,0.397000014781952,4034.89990234375
"540",357608.9,5609904.9,0.340000003576279,0.379999995231628,3552.64697265625
"541",357609.1,5609904.9,0.283018857240677,0.444999992847443,4060.60009765625
"542",357609.3,5609904.9,0.183673471212387,0.504999995231628,4246.0869140625
"543",357609.5,5609904.9,0.449999988079071,0.515999972820282,4766.181640625
"544",357609.7,5609904.9,0.267857134342194,0.312999993562698,3434.45458984375
"545",357609.9,5609904.9,0.230769231915474,0.377999991178513,3273.36840820312
"546",357610.1,5609904.9,0.5,0.307000011205673,4857.2998046875
"547",357610.3,5609904.9,0.377358496189117,0.277999997138977,3949.68432617188
"548",357610.5,5609904.9,0.384615391492844,0.363999992609024,4348.43994140625
"549",357610.7,5609904.9,0.253521114587784,0.449999988079071,4245.25927734375
"550",357610.9,5609904.9,0.370370358228683,0.620999991893768,4249.06689453125
"551",357611.1,5609904.9,0.47272726893425,0.552999973297119,4711.66650390625
"552",357611.3,5609904.9,0.0491803288459778,0.391000002622604,4144.125
"553",357611.5,5609904.9,0.070175439119339,0.374000012874603,5007.35498046875
"554",357611.7,5609904.9,0.29824560880661,0.237000003457069,4572.45849609375
"555",357611.9,5609904.9,0.288888901472092,0.29899999499321,4054.88891601562
"556",357612.1,5609904.9,0.367346942424774,0.280000001192093,4187.58837890625
"557",357612.3,5609904.9,0.400000005960464,0.319999992847443,4571.89453125
"558",357612.5,5609904.9,0.682926833629608,0.231000006198883,5507.14306640625
"559",357612.7,5609904.9,0.41818180680275,0.351000010967255,4690.25
"560",357612.9,5609904.9,0.133333340287209,0.375999987125397,4823.033203125
"561",357613.1,5609904.9,0.0540540553629398,0.421999990940094,4953.0908203125
"562",357613.3,5609904.9,0.209302321076393,0.354000002145767,5070.8076171875
"563",357613.5,5609904.9,0.0888888910412788,0.312999993562698,4228.064453125
"564",357613.7,5609904.9,0.152173906564713,0.398999989032745,4477.73095703125
"565",357613.9,5609904.9,0.228571429848671,0.509999990463257,5356.4208984375
"566",357614.1,5609904.9,0.370370358228683,0.377000004053116,5189.4228515625
"567",357614.3,5609904.9,0.0909090936183929,0.349000006914139,4084.46435546875
"568",357614.5,5609904.9,0.0199999995529652,0.354999989271164,4236.60595703125
"569",357614.7,5609904.9,0.0377358496189117,0.370000004768372,4096.42431640625
"570",357614.9,5609904.9,0.0212765950709581,0.398000001907349,4136.87109375
"571",357615.1,5609904.9,0.0357142873108387,0.455000013113022,4441.4873046875
"572",357615.3,5609904.9,0.177777782082558,0.493000000715256,4831.60009765625
"573",357615.5,5609904.9,0.5,0.435000002384186,5975.25
"574",357615.7,5609904.9,0.222222223877907,0.449999988079071,4658.125
"575",357615.9,5609904.9,0.0232558138668537,0.421000003814697,5140
"576",357616.1,5609904.9,0.0204081628471613,0.391000002622604,4818.75
"577",357616.3,5609904.9,0.0869565233588219,0.458000004291534,4065.27270507812
"578",357616.5,5609904.9,0.122448980808258,0.527999997138977,5244.70361328125
"579",357616.7,5609904.9,0.163934424519539,0.416000008583069,4957.39453125
"580",357616.9,5609904.9,0.222222223877907,0.379000008106232,3906.39990234375
"581",357617.1,5609904.9,0.436363637447357,0.291000008583069,5109.7646484375
"582",357617.3,5609904.9,0.583333313465118,0.256000012159348,5118.58349609375
"583",357617.5,5609904.9,0.931034505367279,0.135000005364418,4707.0771484375
"587",357607.7,5609904.7,0.901960790157318,0.291999995708466,3135.39990234375
"588",357607.9,5609904.7,0.771929800510406,0.256000012159348,3238.19995117188
"589",357608.1,5609904.7,0.5,0.421999990940094,2965.38452148438
"590",357608.3,5609904.7,0.200000002980232,0.428999990224838,4968.66650390625
"591",357608.5,5609904.7,0.341463416814804,0.305999994277954,3906.39990234375
"592",357608.7,5609904.7,0.412698417901993,0.40599998831749,4381.23828125
"593",357608.9,5609904.7,0.207547172904015,0.398999989032745,4715.39111328125
"594",357609.1,5609904.7,0.215686276555061,0.391999989748001,4000.26098632812
"595",357609.3,5609904.7,0.155172407627106,0.458999991416931,4291.89990234375
"596",357609.5,5609904.7,0.574999988079071,0.5,4026.33325195312
"597",357609.7,5609904.7,0.27118644118309,0.388000011444092,3679.77270507812
"598",357609.9,5609904.7,0.290909081697464,0.305000007152557,4338.7646484375
"599",357610.1,5609904.7,0.454545468091965,0.296999990940094,4405.71435546875
"600",357610.3,5609904.7,0.395348846912384,0.428000003099442,4180.533203125
"601",357610.5,5609904.7,0.207547172904015,0.382999986410141,3787.36840820312
"602",357610.7,5609904.7,0.14583332836628,0.456000000238419,5335.31982421875
"603",357610.9,5609904.7,0.432432442903519,0.546999990940094,5690.71435546875
"604",357611.1,5609904.7,0.333333343267441,0.448000013828278,4351.86669921875
"605",357611.3,5609904.7,0.0645161271095276,0.465999990701675,4330.060546875
"606",357611.5,5609904.7,0.180000007152557,0.319999992847443,4038.57153320312
"607",357611.7,5609904.7,0.267857134342194,0.421999990940094,4454.66650390625
"608",357611.9,5609904.7,0.403846144676208,0.328000009059906,3949.68432617188
"609",357612.1,5609904.7,0.421875,0.30799999833107,5151.173828125
"610",357612.3,5609904.7,0.45762711763382,0.45100000500679,3460.93334960938
"611",357612.5,5609904.7,0.620000004768372,0.351999998092651,5397
"612",357612.7,5609904.7,0.304347813129425,0.45100000500679,3893.55004882812
"613",357612.9,5609904.7,0.0740740746259689,0.41499999165535,4548.12109375
"614",357613.1,5609904.7,0.255319148302078,0.323000013828278,4442.4287109375
"615",357613.3,5609904.7,0.272727280855179,0.321000009775162,4252.181640625
"616",357613.5,5609904.7,0.15384615957737,0.25,3463.9130859375
"617",357613.7,5609904.7,0.227272734045982,0.460999995470047,4271.09521484375
"618",357613.9,5609904.7,0.205882355570793,0.470999985933304,4304.75
"619",357614.1,5609904.7,0.404255330562592,0.393999993801117,5072.95654296875
"620",357614.3,5609904.7,0.105263158679008,0.382999986410141,4711.66650390625
"621",357614.5,5609904.7,0.0666666701436043,0.328000009059906,4324.689453125
"622",357614.7,5609904.7,0.131578952074051,0.361000001430511,4358.29150390625
"623",357614.9,5609904.7,0.0357142873108387,0.324000000953674,4211.9443359375
"624",357615.1,5609904.7,0.0243902429938316,0.432000011205673,4410.45166015625
"625",357615.3,5609904.7,0.204545453190804,0.474000006914139,5330.37060546875
"626",357615.5,5609904.7,0.566666662693024,0.395000010728836,4369
"627",357615.7,5609904.7,0.170212760567665,0.551999986171722,4411.83349609375
"628",357615.9,5609904.7,0.0232558138668537,0.435000002384186,4311.888671875
"629",357616.1,5609904.7,0.0454545468091965,0.340999990701675,4001.85717773438
"630",357616.3,5609904.7,0.127272725105286,0.326999992132187,3575.97143554688
"631",357616.5,5609904.7,0.0196078438311815,0.430999994277954,5081.9677734375
"632",357616.7,5609904.7,0.156862750649452,0.497000008821487,4197.66650390625
"633",357616.9,5609904.7,0.200000002980232,0.412000000476837,4883
"634",357617.1,5609904.7,0.238095238804817,0.208000004291534,4847.95458984375
"635",357617.3,5609904.7,0.436363637447357,0.414000004529953,4771.2607421875
"636",357617.5,5609904.7,0.863636374473572,0.204999998211861,3341
"640",357607.7,5609904.5,0.785714268684387,0.282000005245209,4208.375
"641",357607.9,5609904.5,0.545454561710358,0.25,4458.39111328125
"642",357608.1,5609904.5,0.366666674613953,0.312999993562698,3598
"643",357608.3,5609904.5,0.206896558403969,0.389999985694885,4418.74169921875
"644",357608.5,5609904.5,0.442307680845261,0.33899998664856,3842.14990234375
"645",357608.7,5609904.5,0.304347813129425,0.42399999499321,3531.67749023438
"646",357608.9,5609904.5,0.200000002980232,0.340000003576279,4351.86669921875
"647",357609.1,5609904.5,0.300000011920929,0.36599999666214,3585.14990234375
"648",357609.3,5609904.5,0.211538463830948,0.448000013828278,4345.63623046875
"649",357609.5,5609904.5,0.533333361148834,0.428999990224838,4988.82373046875
"650",357609.7,5609904.5,0.261538475751877,0.40200001001358,3818.28564453125
"651",357609.9,5609904.5,0.314814805984497,0.25900000333786,4381.85009765625
"652",357610.1,5609904.5,0.403225809335709,0.314999997615814,3555.16674804688
"653",357610.3,5609904.5,0.291666656732559,0.29899999499321,4738.4375
"654",357610.5,5609904.5,0.263157904148102,0.36599999666214,4670.69580078125
"655",357610.7,5609904.5,0.132075473666191,0.505999982357025,4139.052734375
"656",357610.9,5609904.5,0.520833313465118,0.526000022888184,4523.2001953125
"657",357611.1,5609904.5,0.363636374473572,0.493999987840652,3586.31811523438
"658",357611.3,5609904.5,0.072727270424366,0.470999985933304,4392.36376953125
"659",357611.5,5609904.5,0.317073166370392,0.402999997138977,5250.14306640625
"660",357611.7,5609904.5,0.346938788890839,0.305999994277954,3656.4091796875
"661",357611.9,5609904.5,0.214285716414452,0.308999985456467,4012.0556640625
"662",357612.1,5609904.5,0.133333340287209,0.391999989748001,4321.4072265625
"663",357612.3,5609904.5,0.333333343267441,0.412000000476837,3469.5
"664",357612.5,5609904.5,0.488372087478638,0.472000002861023,3742.5625
"665",357612.7,5609904.5,0.279069781303406,0.391999989748001,4060.60009765625
"666",357612.9,5609904.5,0.192982450127602,0.300000011920929,4497.5
"667",357613.1,5609904.5,0.245283022522926,0.379999995231628,5718.25
"668",357613.3,5609904.5,0.20833332836628,0.435000002384186,4097.72216796875
"669",357613.5,5609904.5,0.169811323285103,0.354999989271164,4744.615234375
"670",357613.7,5609904.5,0.228070169687271,0.377999991178513,5438.1201171875
"671",357613.9,5609904.5,0.421052634716034,0.423000007867813,3829.30004882812
"672",357614.1,5609904.5,0.355932205915451,0.453000009059906,4527.15380859375
"673",357614.3,5609904.5,0.130434781312943,0.305000007152557,4161.4228515625
"674",357614.5,5609904.5,0.163636356592178,0.375999987125397,4332.28564453125
"675",357614.7,5609904.5,0.16666667163372,0.400999993085861,4656.83984375
"676",357614.9,5609904.5,0.227272734045982,0.386999994516373,5176.71435546875
"677",357615.1,5609904.5,0.0625,0.47299998998642,4333.1396484375
"678",357615.3,5609904.5,0.191489368677139,0.504000008106232,5654
"679",357615.5,5609904.5,0.552631556987762,0.53600001335144,3483.77783203125
"680",357615.7,5609904.5,0.0983606576919556,0.523000001907349,5618.95458984375
"681",357615.9,5609904.5,0.025000000372529,0.363000005483627,3955.96435546875
"682",357616.1,5609904.5,0.111111111938953,0.321999996900558,5140
"683",357616.3,5609904.5,0.142857149243355,0.273000001907349,4072.46142578125
"684",357616.5,5609904.5,0.0465116277337074,0.342999994754791,5164.09375
"685",357616.7,5609904.5,0.212765961885452,0.375,4617.1376953125
"686",357616.9,5609904.5,0.320754706859589,0.449000000953674,4185.4287109375
"687",357617.1,5609904.5,0.341463416814804,0.232999995350838,4662.71435546875
"688",357617.3,5609904.5,0.547169804573059,0.312000006437302,4701.58837890625
"689",357617.5,5609904.5,1,0.101999998092651,4543.86083984375
"693",357607.7,5609904.3,0.69767439365387,0.275000005960464,3157.42846679688
"694",357607.9,5609904.3,0.310344815254211,0.323000013828278,4719.45458984375
"695",357608.1,5609904.3,0.195121943950653,0.331000000238419,4350.64306640625
"696",357608.3,5609904.3,0.175438597798347,0.33500000834465,5882.4443359375
"697",357608.5,5609904.3,0.487804889678955,0.266999989748001,4390.41650390625
"698",357608.7,5609904.3,0.523809552192688,0.35699999332428,3481.18188476562
"699",357608.9,5609904.3,0.744186043739319,0.300000011920929,3369.5556640625
"700",357609.1,5609904.3,0.535714268684387,0.34400001168251,4060.60009765625
"701",357609.3,5609904.3,0.327868849039078,0.40200001001358,5062.89990234375
"702",357609.5,5609904.3,0.622222244739532,0.344999998807907,4566.6923828125
"703",357609.7,5609904.3,0.400000005960464,0.34400001168251,3957.80004882812
"704",357609.9,5609904.3,0.275862067937851,0.351000010967255,4229.79150390625
"705",357610.1,5609904.3,0.33928570151329,0.270999997854233,3235.17651367188
"706",357610.3,5609904.3,0.358208954334259,0.328999996185303,3512.33325195312
"707",357610.5,5609904.3,0.333333343267441,0.377999991178513,4100.826171875
"708",357610.7,5609904.3,0.338983058929443,0.423000007867813,4450.15771484375
"709",357610.9,5609904.3,0.428571432828903,0.555999994277954,4266.2001953125
"710",357611.1,5609904.3,0.358208954334259,0.49099999666214,4086.30004882812
"711",357611.3,5609904.3,0.0447761192917824,0.483000010251999,5391.4130859375
"712",357611.5,5609904.3,0.215686276555061,0.342000007629395,4317.60009765625
"713",357611.7,5609904.3,0.369565218687057,0.384999990463257,3475.619140625
"714",357611.9,5609904.3,0.18604651093483,0.316000014543533,4586.46142578125
"715",357612.1,5609904.3,0.0754716992378235,0.512000024318695,4336.875
"716",357612.3,5609904.3,0.428571432828903,0.379999995231628,4742.818359375
"717",357612.5,5609904.3,0.452830195426941,0.462999999523163,3952.90478515625
"718",357612.7,5609904.3,0.22916667163372,0.41100001335144,4069.16674804688
"719",357612.9,5609904.3,0.156862750649452,0.377000004053116,3640.83325195312
"720",357613.1,5609904.3,0.116279073059559,0.34799998998642,4987.70361328125
"721",357613.3,5609904.3,0.212765961885452,0.34400001168251,3816.92602539062
"722",357613.5,5609904.3,0.111111111938953,0.372000008821487,4543.0966796875
"723",357613.7,5609904.3,0.191489368677139,0.503000020980835,4515.85693359375
"724",357613.9,5609904.3,0.454545468091965,0.538999974727631,3504.54541015625
"725",357614.1,5609904.3,0.327272713184357,0.458999991416931,4332.28564453125
"726",357614.3,5609904.3,0.217391297221184,0.300999999046326,3351.28002929688
"727",357614.5,5609904.3,0.0943396240472794,0.361000001430511,4352.9375
"728",357614.7,5609904.3,0.173076927661896,0.347000002861023,4390.41650390625
"729",357614.9,5609904.3,0.139534890651703,0.458999991416931,3952.90478515625
"730",357615.1,5609904.3,0.0599999986588955,0.430000007152557,4572.82763671875
"731",357615.3,5609904.3,0.280000001192093,0.488000005483627,5911
"732",357615.5,5609904.3,0.454545468091965,0.458000004291534,3677.07690429688
"733",357615.7,5609904.3,0.157894730567932,0.483999997377396,4747.361328125
"734",357615.9,5609904.3,0.0731707289814949,0.391999989748001,4637.681640625
"735",357616.1,5609904.3,0.196428567171097,0.388000011444092,5159.037109375
"736",357616.3,5609904.3,0.481481492519379,0.319999992847443,4125.5263671875
"737",357616.5,5609904.3,0.25,0.30799999833107,4026.33325195312
"738",357616.7,5609904.3,0.239999994635582,0.34799998998642,4436.04345703125
"739",357616.9,5609904.3,0.440677970647812,0.474000006914139,4510.35009765625
"740",357617.1,5609904.3,0.38775509595871,0.219999998807907,5735.15771484375
"741",357617.3,5609904.3,0.489795923233032,0.316000014543533,4386.13330078125
"742",357617.5,5609904.3,0.75,0.208000004291534,4463.2333984375
"744",357607.3,5609904.1,0.9375,0.112999998033047,3469.5
"745",357607.5,5609904.1,0.897959172725677,0.41100001335144,3855
"746",357607.7,5609904.1,0.636363625526428,0.31700000166893,4570.9287109375
"747",357607.9,5609904.1,0.290322571992874,0.321999996900558,4471.7998046875
"748",357608.1,5609904.1,0.304347813129425,0.391000002622604,4424.86962890625
"749",357608.3,5609904.1,0.277777791023254,0.360000014305115,5959.9521484375
"750",357608.5,5609904.1,0.660377383232117,0.237000003457069,4883
"751",357608.7,5609904.1,0.756097555160522,0.404000014066696,4026.33325195312
"752",357608.9,5609904.1,0.813953459262848,0.356000006198883,3726.5
"753",357609.1,5609904.1,0.428571432828903,0.46900001168251,3255.33325195312
"754",357609.3,5609904.1,0.204545453190804,0.564999997615814,4465.375
"755",357609.5,5609904.1,0.447368413209915,0.33899998664856,4968.66650390625
"756",357609.7,5609904.1,0.189655169844627,0.354999989271164,4276.47998046875
"757",357609.9,5609904.1,0.131147533655167,0.349000006914139,3967.4375
"758",357610.1,5609904.1,0.1875,0.317999988794327,3443.80004882812
"759",357610.3,5609904.1,0.384615391492844,0.30799999833107,4626
"760",357610.5,5609904.1,0.219999998807907,0.391000002622604,4610.88232421875
"761",357610.7,5609904.1,0.267857134342194,0.449000000953674,4442.4287109375
"762",357610.9,5609904.1,0.56521737575531,0.541999995708466,3683.66674804688
"763",357611.1,5609904.1,0.396551728248596,0.39300000667572,3440.9443359375
"764",357611.3,5609904.1,0.0384615398943424,0.407999992370605,4834.8125
"765",357611.5,5609904.1,0.152542367577553,0.368000000715256,3937.60717773438
"766",357611.7,5609904.1,0.25,0.328000009059906,3683.66674804688
"767",357611.9,5609904.1,0.129629626870155,0.465000003576279,4201.39111328125
"768",357612.1,5609904.1,0.126760557293892,0.451999992132187,3867.85009765625
"769",357612.3,5609904.1,0.241379305720329,0.584999978542328,4272.625
"770",357612.5,5609904.1,0.491228073835373,0.514999985694885,4883
"771",357612.7,5609904.1,0.0869565233588219,0.481000006198883,4466.48291015625
"772",357612.9,5609904.1,0.0816326513886452,0.400000005960464,4552.5712890625
"773",357613.1,5609904.1,0.255813956260681,0.324000000953674,4554.0400390625
"774",357613.3,5609904.1,0.232558146119118,0.333000004291534,3880.69995117188
"775",357613.5,5609904.1,0.105263158679008,0.363000005483627,4883
"776",357613.7,5609904.1,0.188679248094559,0.501999974250793,5114.2998046875
"777",357613.9,5609904.1,0.575757563114166,0.565999984741211,3469.5
"778",357614.1,5609904.1,0.333333343267441,0.345999985933304,4401.125
"779",357614.3,5609904.1,0.0476190485060215,0.29899999499321,3582.88232421875
"780",357614.5,5609904.1,0.0465116277337074,0.337000012397766,4773.9697265625
"781",357614.7,5609904.1,0.224999994039536,0.314999997615814,3983.5
"782",357614.9,5609904.1,0.173913046717644,0.314999997615814,4112
"783",357615.1,5609904.1,0.217391297221184,0.423000007867813,3875.56005859375
"784",357615.3,5609904.1,0.368421047925949,0.432000011205673,4754.5
"785",357615.5,5609904.1,0.444444447755814,0.561999976634979,3524.57153320312
"786",357615.7,5609904.1,0.101694911718369,0.460999995470047,4454.66650390625
"787",357615.9,5609904.1,0.0599999986588955,0.345999985933304,3912.11108398438
"788",357616.1,5609904.1,0.468085110187531,0.321000009775162,4866.9375
"789",357616.3,5609904.1,0.58695650100708,0.293000012636185,4203.78564453125
"790",357616.5,5609904.1,0.327272713184357,0.305000007152557,4220.73095703125
"791",357616.7,5609904.1,0.206896558403969,0.395999997854233,4847.5517578125
"792",357616.9,5609904.1,0.260869562625885,0.33500000834465,4509.181640625
"793",357617.1,5609904.1,0.232142850756645,0.252000004053116,5681.53564453125
"794",357617.3,5609904.1,0.488888889551163,0.33899998664856,4540.33349609375
"795",357617.5,5609904.1,1,0.0280000008642673,5131.43359375
"797",357607.3,5609903.9,0.909090936183929,0.136999994516373,1542
"798",357607.5,5609903.9,0.914893627166748,0.151999995112419,3084
"799",357607.7,5609903.9,0.644444465637207,0.273000001907349,4540.33349609375
"800",357607.9,5609903.9,0.517857134342194,0.31700000166893,4176.25
"801",357608.1,5609903.9,0.217391297221184,0.372999995946884,3642.69555664062
"802",357608.3,5609903.9,0.457142859697342,0.347000002861023,6611.9091796875
"803",357608.5,5609903.9,0.534883737564087,0.246999993920326,4766.181640625
"804",357608.7,5609903.9,0.840909063816071,0.212999999523163,3405.25
"805",357608.9,5609903.9,0.921052634716034,0.266000002622604,8995
"806",357609.1,5609903.9,0.568965494632721,0.453999996185303,3032.60009765625
"807",357609.3,5609903.9,0.244897961616516,0.596000015735626,5490.45458984375
"808",357609.5,5609903.9,0.237288132309914,0.541000008583069,4291.12109375
"809",357609.7,5609903.9,0.105263158679008,0.356000006198883,4492.74072265625
"810",357609.9,5609903.9,0.122448980808258,0.379999995231628,4617.70947265625
"811",357610.1,5609903.9,0.418604642152786,0.291000008583069,3522.41186523438
"812",357610.3,5609903.9,0.269230782985687,0.301999986171722,3765.60864257812
"813",357610.5,5609903.9,0.145454540848732,0.370999991893768,4324.30419921875
"814",357610.7,5609903.9,0.234042555093765,0.455000013113022,4711.66650390625
"815",357610.9,5609903.9,0.400000005960464,0.503000020980835,4387.35693359375
"816",357611.1,5609903.9,0.384615391492844,0.449999988079071,4972.9501953125
"817",357611.3,5609903.9,0.072727270424366,0.372000008821487,4399.2353515625
"818",357611.5,5609903.9,0.372549027204514,0.36599999666214,3495.19995117188
"819",357611.7,5609903.9,0.160714283585548,0.39300000667572,4147.4482421875
"820",357611.9,5609903.9,0.0975609719753265,0.395000010728836,4401.125
"821",357612.1,5609903.9,0.176470592617989,0.365000009536743,4534.21435546875
"822",357612.3,5609903.9,0.30303031206131,0.527999997138977,3965.14282226562
"823",357612.5,5609903.9,0.338709682226181,0.46399998664856,4390.41650390625
"824",357612.7,5609903.9,0.0588235296308994,0.381000012159348,4484.20703125
"825",357612.9,5609903.9,0.125,0.377999991178513,4551.38720703125
"826",357613.1,5609903.9,0.25,0.352999985218048,4964.77294921875
"827",357613.3,5609903.9,0.333333343267441,0.293000012636185,3653.07153320312
"828",357613.5,5609903.9,0.178571432828903,0.35699999332428,4139.53564453125
"829",357613.7,5609903.9,0.227272734045982,0.430000007152557,4322.27294921875
"830",357613.9,5609903.9,0.5,0.47299998998642,3640.83325195312
"831",357614.1,5609903.9,0.222222223877907,0.425999999046326,4059.08813476562
"832",357614.3,5609903.9,0.0500000007450581,0.356000006198883,4759.64013671875
"833",357614.5,5609903.9,0.156862750649452,0.34799998998642,4153.1201171875
"834",357614.7,5609903.9,0.106382980942726,0.375,4883
"835",357614.9,5609903.9,0.0740740746259689,0.418000012636185,4563.69677734375
"836",357615.1,5609903.9,0.195652171969414,0.35699999332428,4653.052734375
"837",357615.3,5609903.9,0.409090906381607,0.529999971389771,4003.78955078125
"838",357615.5,5609903.9,0.488372087478638,0.512000024318695,4154.83349609375
"839",357615.7,5609903.9,0.15384615957737,0.331999987363815,5020.06689453125
"840",357615.9,5609903.9,0.243243247270584,0.277999997138977,4240.5
"841",357616.1,5609903.9,0.5625,0.164000004529953,4040.61108398438
"842",357616.3,5609903.9,0.869565188884735,0.28099998831749,3598
"843",357616.5,5609903.9,0.339622646570206,0.310999989509583,4537.03857421875
"844",357616.7,5609903.9,0.315789461135864,0.367000013589859,5388.43310546875
"845",357616.9,5609903.9,0.352941185235977,0.356000006198883,3951.375
"846",357617.1,5609903.9,0.261538475751877,0.287999987602234,5360.28564453125
"847",357617.3,5609903.9,0.627451002597809,0.354999989271164,5722.533203125
"850",357607.3,5609903.7,0.949999988079071,0.204999998211861,1542
"851",357607.5,5609903.7,0.833333313465118,0.177000001072884,3512.33325195312
"852",357607.7,5609903.7,0.560000002384186,0.28099998831749,4133.41650390625
"853",357607.9,5609903.7,0.483333319425583,0.280000001192093,4658.125
"854",357608.1,5609903.7,0.280701756477356,0.335999995470047,3908.54174804688
"855",357608.3,5609903.7,0.369565218687057,0.358999997377396,4206.68408203125
"856",357608.5,5609903.7,0.557692289352417,0.277999997138977,3808.27270507812
"857",357608.7,5609903.7,0.775862097740173,0.200000002980232,4883
"858",357608.9,5609903.7,0.723404228687286,0.435000002384186,3120.71435546875
"859",357609.1,5609903.7,0.474576264619827,0.418999999761581,3990.26318359375
"860",357609.3,5609903.7,0.342105269432068,0.535000026226044,4167.0712890625
"861",357609.5,5609903.7,0.333333343267441,0.483000010251999,3906.39990234375
"862",357609.7,5609903.7,0.113636367022991,0.388999998569489,4169.111328125
"863",357609.9,5609903.7,0.189655169844627,0.319000005722046,4324.689453125
"864",357610.1,5609903.7,0.346938788890839,0.228000000119209,3740.77783203125
"865",357610.3,5609903.7,0.551020383834839,0.303000003099442,3637.53857421875
"866",357610.5,5609903.7,0.215686276555061,0.426999986171722,3790.75
"867",357610.7,5609903.7,0.279069781303406,0.472000002861023,5245.82373046875
"868",357610.9,5609903.7,0.549019634723663,0.579999983310699,5278.384765625
"869",357611.1,5609903.7,0.16326530277729,0.41499999165535,5026.919921875
"870",357611.3,5609903.7,0.15384615957737,0.323000013828278,4740.22216796875
"871",357611.5,5609903.7,0.434782594442368,0.398999989032745,3855
"872",357611.7,5609903.7,0.156862750649452,0.342000007629395,3598
"873",357611.9,5609903.7,0.1875,0.28600001335144,4659.52197265625
"874",357612.1,5609903.7,0.119999997317791,0.465999990701675,4616.8212890625
"875",357612.3,5609903.7,0.241379305720329,0.513000011444092,4304.75
"876",357612.5,5609903.7,0.368421047925949,0.43299999833107,4617.43310546875
"877",357612.7,5609903.7,0.0232558138668537,0.388000011444092,5063.85205078125
"878",357612.9,5609903.7,0.134615391492844,0.448000013828278,4758.64501953125
"879",357613.1,5609903.7,0.463414639234543,0.328000009059906,4699.4287109375
"880",357613.3,5609903.7,0.581395328044891,0.254000008106232,3292.8125
"881",357613.5,5609903.7,0.348837196826935,0.316000014543533,4651.7001953125
"882",357613.7,5609903.7,0.388888895511627,0.46000000834465,5316.6875
"883",357613.9,5609903.7,0.466666668653488,0.404000014066696,3499.15380859375
"884",357614.1,5609903.7,0.123287670314312,0.500999987125397,4877.4130859375
"885",357614.3,5609903.7,0.020833333954215,0.333000004291534,4784.15380859375
"886",357614.5,5609903.7,0.0769230797886848,0.389999985694885,4316.08837890625
"887",357614.7,5609903.7,0.217391297221184,0.333000004291534,4509.181640625
"888",357614.9,5609903.7,0.140000000596046,0.33500000834465,3872.13330078125
"889",357615.1,5609903.7,0.341463416814804,0.38400000333786,4160.9521484375
"890",357615.3,5609903.7,0.431818187236786,0.441000014543533,3992.06665039062
"891",357615.5,5609903.7,0.5,0.391000002622604,3405.25
"892",357615.7,5609903.7,0.200000002980232,0.293999999761581,4526.0556640625
"893",357615.9,5609903.7,0.173913046717644,0.342999994754791,4800.39306640625
"894",357616.1,5609903.7,0.302325576543808,0.203999996185303,4895.85009765625
"895",357616.3,5609903.7,0.553571403026581,0.24099999666214,4440.388671875
"896",357616.5,5609903.7,0.38775509595871,0.236000001430511,4224.4375
"897",357616.7,5609903.7,0.204081639647484,0.368999987840652,4736.14306640625
"898",357616.9,5609903.7,0.355555564165115,0.405000001192093,4247.26318359375
"899",357617.1,5609903.7,0.29824560880661,0.349000006914139,5663.884765625
"900",357617.3,5609903.7,0.736842095851898,0.344999998807907,5225.66650390625
"903",357607.3,5609903.5,0.952380955219269,0.156000003218651,5911
"904",357607.5,5609903.5,0.869565188884735,0.294999986886978,4240.5
"905",357607.7,5609903.5,0.654545426368713,0.193000003695488,3362.41674804688
"906",357607.9,5609903.5,0.351851850748062,0.293999999761581,3739.35009765625
"907",357608.1,5609903.5,0.290909081697464,0.391000002622604,4134.34765625
"908",357608.3,5609903.5,0.357142865657806,0.358999997377396,4505.05859375
"909",357608.5,5609903.5,0.547169804573059,0.342000007629395,3891.71435546875
"910",357608.7,5609903.5,0.690909087657928,0.337999999523163,5217.10009765625
"911",357608.9,5609903.5,0.5,0.365000009536743,4072.46142578125
"912",357609.1,5609903.5,0.30158731341362,0.425000011920929,3899.31030273438
"913",357609.3,5609903.5,0.363636374473572,0.386000007390976,6151.9375
"914",357609.5,5609903.5,0.355932205915451,0.386999994516373,4307.31982421875
"915",357609.7,5609903.5,0.217391297221184,0.264999985694885,4381.85009765625
"916",357609.9,5609903.5,0.2786885201931,0.305999994277954,3769.33325195312
"917",357610.1,5609903.5,0.47826087474823,0.301999986171722,3880.69995117188
"918",357610.3,5609903.5,0.456140339374542,0.333999991416931,5140
"919",357610.5,5609903.5,0.355555564165115,0.377999991178513,3882.052734375
"920",357610.7,5609903.5,0.394736856222153,0.514999985694885,4999.818359375
"921",357610.9,5609903.5,0.666666686534882,0.41499999165535,3621.36352539062
"922",357611.1,5609903.5,0.160714283585548,0.412999987602234,4540.33349609375
"923",357611.3,5609903.5,0.255813956260681,0.405000001192093,4202.7060546875
"924",357611.5,5609903.5,0.338709682226181,0.275000005960464,4668.83349609375
"925",357611.7,5609903.5,0.351851850748062,0.305999994277954,4883
"926",357611.9,5609903.5,0.156862750649452,0.328999996185303,4403.2666015625
"927",357612.1,5609903.5,0.305555552244186,0.449999988079071,4762.05859375
"928",357612.3,5609903.5,0.473684221506119,0.428000003099442,4135.36376953125
"929",357612.5,5609903.5,0.361702114343643,0.421999990940094,4671.35302734375
"930",357612.7,5609903.5,0.061224490404129,0.398000001907349,5474.10009765625
"931",357612.9,5609903.5,0.244897961616516,0.397000014781952,4148.71435546875
"932",357613.1,5609903.5,0.468085110187531,0.248999997973442,3570.947265625
"933",357613.3,5609903.5,0.47826087474823,0.179000005125999,3582.88232421875
"934",357613.5,5609903.5,0.192982450127602,0.40200001001358,4173.68017578125
"935",357613.7,5609903.5,0.365853667259216,0.479000002145767,4258.85693359375
"936",357613.9,5609903.5,0.60869562625885,0.535000026226044,3459.61547851562
"937",357614.1,5609903.5,0.218181818723679,0.38400000333786,4497.5
"938",357614.3,5609903.5,0.0731707289814949,0.379999995231628,5118.58349609375
"939",357614.5,5609903.5,0.319999992847443,0.333000004291534,4748.9130859375
"940",357614.7,5609903.5,0.266666680574417,0.310000002384186,4112
"941",357614.9,5609903.5,0.133333340287209,0.312000006437302,4083.4443359375
"942",357615.1,5609903.5,0.409090906381607,0.41499999165535,4715.9501953125
"943",357615.3,5609903.5,0.5,0.518999993801117,3992.06665039062
"944",357615.5,5609903.5,0.5,0.28600001335144,3749.17651367188
"945",357615.7,5609903.5,0.210526317358017,0.321000009775162,3639.45166015625
"946",357615.9,5609903.5,0.346938788890839,0.28600001335144,4687.1904296875
"947",357616.1,5609903.5,0.326923072338104,0.180999994277954,3978.36010742188
"948",357616.3,5609903.5,0.480769217014313,0.216000005602837,3814.42114257812
"949",357616.5,5609903.5,0.346938788890839,0.310999989509583,3867.23803710938
"950",357616.7,5609903.5,0.327586203813553,0.42399999499321,4543.39306640625
"951",357616.9,5609903.5,0.333333343267441,0.361999988555908,4849.47802734375
"952",357617.1,5609903.5,0.365384608507156,0.331999987363815,5081.5908203125
"953",357617.3,5609903.5,0.75,0.256999999284744,3803.60009765625
"956",357607.3,5609903.3,0.933333337306976,0.151999995112419,3649.39990234375
"957",357607.5,5609903.3,0.854545474052429,0.317999988794327,3341
"958",357607.7,5609903.3,0.521126747131348,0.328000009059906,6039.5
"959",357607.9,5609903.3,0.288135588169098,0.412999987602234,3434.45458984375
"960",357608.1,5609903.3,0.268656730651855,0.337000012397766,4950.04345703125
"961",357608.3,5609903.3,0.185185179114342,0.352999985218048,5176.71435546875
"962",357608.5,5609903.3,0.274509817361832,0.287000000476837,4201.39111328125
"963",357608.7,5609903.3,0.232142850756645,0.31700000166893,4440.9599609375
"964",357608.9,5609903.3,0.342857152223587,0.324999988079071,3230.85717773438
"965",357609.1,5609903.3,0.344262301921844,0.458000004291534,4458.39111328125
"966",357609.3,5609903.3,0.533333361148834,0.421000003814697,4836.27294921875
"967",357609.5,5609903.3,0.349206358194351,0.349999994039536,4252.181640625
"968",357609.7,5609903.3,0.490909099578857,0.287000000476837,5178.5498046875
"969",357609.9,5609903.3,0.377358496189117,0.275000005960464,3649.39990234375
"970",357610.1,5609903.3,0.456140339374542,0.238000005483627,4602.63623046875
"971",357610.3,5609903.3,0.380952388048172,0.337000012397766,4836.27294921875
"972",357610.5,5609903.3,0.28571429848671,0.386000007390976,3896.1201171875
"973",357610.7,5609903.3,0.352941185235977,0.5,4266.2001953125
"974",357610.9,5609903.3,0.446808516979218,0.479000002145767,5397
"975",357611.1,5609903.3,0.203389823436737,0.405000001192093,5429.125
"976",357611.3,5609903.3,0.259999990463257,0.326999992132187,4737.7392578125
"977",357611.5,5609903.3,0.264150947332382,0.316000014543533,4029.39282226562
"978",357611.7,5609903.3,0.265306115150452,0.337000012397766,5117.65234375
"979",357611.9,5609903.3,0.0799999982118607,0.375999987125397,3987.93115234375
"980",357612.1,5609903.3,0.163636356592178,0.574999988079071,4271.51708984375
"981",357612.3,5609903.3,0.410256415605545,0.469999998807907,4041.9091796875
"982",357612.5,5609903.3,0.210526317358017,0.514999985694885,4324.689453125
"983",357612.7,5609903.3,0.148936167359352,0.402999997138977,4711.66650390625
"984",357612.9,5609903.3,0.309523820877075,0.321999996900558,4047.75
"985",357613.1,5609903.3,0.418604642152786,0.340999990701675,3703.82348632812
"986",357613.3,5609903.3,0.425000011920929,0.337000012397766,3312.4443359375
"987",357613.5,5609903.3,0.222222223877907,0.381000012159348,4458.39111328125
"988",357613.7,5609903.3,0.5,0.521000027656555,4951.533203125
"989",357613.9,5609903.3,0.476190477609634,0.41100001335144,4345.63623046875
"990",357614.1,5609903.3,0.0384615398943424,0.35699999332428,4369
"991",357614.3,5609903.3,0.138888895511627,0.356000006198883,4220.21044921875
"992",357614.5,5609903.3,0.318181812763214,0.28600001335144,4097.72216796875
"993",357614.7,5609903.3,0.195121943950653,0.379000008106232,4310.5908203125
"994",357614.9,5609903.3,0.160714283585548,0.409000009298325,4280.03857421875
"995",357615.1,5609903.3,0.196078434586525,0.467999994754791,4357.826171875
"996",357615.3,5609903.3,0.690476179122925,0.519999980926514,6322.2001953125
"997",357615.5,5609903.3,0.382978737354279,0.449999988079071,4436.63134765625
"998",357615.7,5609903.3,0.189655169844627,0.331999987363815,3897.83325195312
"999",357615.9,5609903.3,0.355555564165115,0.345999985933304,3774.6875
"1000",357616.1,5609903.3,0.566037714481354,0.224999994039536,4597.4443359375
"1001",357616.3,5609903.3,0.581818163394928,0.273000001907349,3889.2666015625
"1002",357616.5,5609903.3,0.474576264619827,0.321000009775162,4613.14990234375
"1003",357616.7,5609903.3,0.279069781303406,0.382999986410141,4564.31982421875
"1004",357616.9,5609903.3,0.367346942424774,0.388999998569489,5245.13623046875
"1005",357617.1,5609903.3,0.408163279294968,0.352999985218048,4818.75
"1006",357617.3,5609903.3,0.810810804367065,0.310000002384186,3790.75
"1009",357607.3,5609903.1,1,0.0579999983310699,3938.52490234375
"1010",357607.5,5609903.1,0.877551019191742,0.174999997019768,3957.80004882812
"1011",357607.7,5609903.1,0.553191483020782,0.261999994516373,6060.91650390625
"1012",357607.9,5609903.1,0.425925940275192,0.393999993801117,4468.9443359375
"1013",357608.1,5609903.1,0.194029852747917,0.40599998831749,4531.7666015625
"1014",357608.3,5609903.1,0.204081639647484,0.310999989509583,4471.7998046875
"1015",357608.5,5609903.1,0.197183102369308,0.335999995470047,4750.06884765625
"1016",357608.7,5609903.1,0.235294118523598,0.354000002145767,5615.92578125
"1017",357608.9,5609903.1,0.176470592617989,0.407999992370605,3673.58813476562
"1018",357609.1,5609903.1,0.226666674017906,0.633000016212463,4741.20703125
"1019",357609.3,5609903.1,0.413043469190598,0.540000021457672,4775.91650390625
"1020",357609.5,5609903.1,0.346153855323792,0.363000005483627,3688.70581054688
"1021",357609.7,5609903.1,0.184615388512611,0.374000012874603,5179.53857421875
"1022",357609.9,5609903.1,0.0943396240472794,0.287000000476837,4207.18505859375
"1023",357610.1,5609903.1,0.181818187236786,0.418000012636185,3893.55004882812
"1024",357610.3,5609903.1,0.224489793181419,0.368999987840652,5840.9091796875
"1025",357610.5,5609903.1,0.244897961616516,0.45100000500679,4348.43994140625
"1026",357610.7,5609903.1,0.571428596973419,0.523000001907349,3769.33325195312
"1027",357610.9,5609903.1,0.5,0.46900001168251,4738.4375
"1028",357611.1,5609903.1,0.140625,0.379000008106232,4902.037109375
"1029",357611.3,5609903.1,0.263157904148102,0.421999990940094,4502.25927734375
"1030",357611.5,5609903.1,0.372881352901459,0.25,4474.13623046875
"1031",357611.7,5609903.1,0.225806444883347,0.354999989271164,5117.65234375
"1032",357611.9,5609903.1,0.0535714291036129,0.328999996185303,4921.939453125
"1033",357612.1,5609903.1,0.170731708407402,0.510999977588654,4197.66650390625
"1034",357612.3,5609903.1,0.324324309825897,0.501999974250793,4746.94140625
"1035",357612.5,5609903.1,0.15384615957737,0.537999987602234,5316.6875
"1036",357612.7,5609903.1,0.139534890651703,0.340999990701675,4942.3076171875
"1037",357612.9,5609903.1,0.333333343267441,0.492000013589859,5258.615234375
"1038",357613.1,5609903.1,0.524999976158142,0.458999991416931,4797.33349609375
"1039",357613.3,5609903.1,0.425531923770905,0.289000004529953,3364.36352539062
"1040",357613.5,5609903.1,0.192307695746422,0.537999987602234,4654.5556640625
"1041",357613.7,5609903.1,0.511627912521362,0.513000011444092,5069.9091796875
"1042",357613.9,5609903.1,0.317073166370392,0.458999991416931,4491.380859375
"1043",357614.1,5609903.1,0.16666667163372,0.314999997615814,3639.45166015625
"1044",357614.3,5609903.1,0.311111122369766,0.282999992370605,4148.71435546875
"1045",357614.5,5609903.1,0.404255330562592,0.268999993801117,3906.39990234375
"1046",357614.7,5609903.1,0.375,0.310000002384186,4346.65234375
"1047",357614.9,5609903.1,0.20833332836628,0.319999992847443,4891.56689453125
"1048",357615.1,5609903.1,0.315789461135864,0.448000013828278,4307.8095703125
"1049",357615.3,5609903.1,0.555555582046509,0.418000012636185,3084
"1050",357615.5,5609903.1,0.25,0.388000011444092,3672.95825195312
"1051",357615.7,5609903.1,0.265306115150452,0.328999996185303,4872.29150390625
"1052",357615.9,5609903.1,0.558139562606812,0.270000010728836,4322.27294921875
"1053",357616.1,5609903.1,0.400000005960464,0.300000011920929,4561.75
"1054",357616.3,5609903.1,0.346938788890839,0.187999993562698,4369
"1055",357616.5,5609903.1,0.3584905564785,0.326999992132187,4808.04150390625
"1056",357616.7,5609903.1,0.217391297221184,0.35699999332428,4561.75
"1057",357616.9,5609903.1,0.370370358228683,0.333999991416931,4420.39990234375
"1058",357617.1,5609903.1,0.333333343267441,0.34400001168251,4405.71435546875
"1059",357617.3,5609903.1,0.807692289352417,0.425000011920929,3726.5
"1062",357607.3,5609902.9,0.976744174957275,0.0869999974966049,3084
"1063",357607.5,5609902.9,0.84375,0.208000004291534,3919.25
"1064",357607.7,5609902.9,0.711111128330231,0.263000011444092,5984.4287109375
"1065",357607.9,5609902.9,0.695652186870575,0.453999996185303,5482.66650390625
"1066",357608.1,5609902.9,0.529411792755127,0.474999994039536,5247.08349609375
"1067",357608.3,5609902.9,0.454545468091965,0.419999986886978,5140
"1068",357608.5,5609902.9,0.518518507480621,0.363999992609024,4577.8125
"1069",357608.7,5609902.9,0.483333319425583,0.426999986171722,5654
"1070",357608.9,5609902.9,0.355555564165115,0.458000004291534,4197.66650390625
"1071",357609.1,5609902.9,0.333333343267441,0.552999973297119,4953.896484375
"1072",357609.3,5609902.9,0.510638296604156,0.617999970912933,4275.54541015625
"1073",357609.5,5609902.9,0.395833343267441,0.38400000333786,4883
"1074",357609.7,5609902.9,0.292307704687119,0.372000008821487,4728.7998046875
"1075",357609.9,5609902.9,0.183673471212387,0.374000012874603,4381.85009765625
"1076",357610.1,5609902.9,0.155172407627106,0.312999993562698,5156.0625
"1077",357610.3,5609902.9,0.0909090936183929,0.379000008106232,4718.52001953125
"1078",357610.5,5609902.9,0.222222223877907,0.391999989748001,4283.33349609375
"1079",357610.7,5609902.9,0.333333343267441,0.426999986171722,4096.88232421875
"1080",357610.9,5609902.9,0.415094345808029,0.472000002861023,5790.05859375
"1081",357611.1,5609902.9,0.0816326513886452,0.384999990463257,4831.60009765625
"1082",357611.3,5609902.9,0.235294118523598,0.393999993801117,4827.13037109375
"1083",357611.5,5609902.9,0.384615391492844,0.344999998807907,4125.5263671875
"1084",357611.7,5609902.9,0.142857149243355,0.344999998807907,5193.17236328125
"1085",357611.9,5609902.9,0.156862750649452,0.328999996185303,4477.73095703125
"1086",357612.1,5609902.9,0.324999988079071,0.419999986886978,4722.375
"1087",357612.3,5609902.9,0.307692319154739,0.492000013589859,4503.619140625
"1088",357612.5,5609902.9,0.09375,0.428000003099442,5418.41650390625
"1089",357612.7,5609902.9,0.0416666679084301,0.404000014066696,5332.75
"1090",357612.9,5609902.9,0.324999988079071,0.368999987840652,4098.4736328125
"1091",357613.1,5609902.9,0.423728823661804,0.33500000834465,6302.0869140625
"1092",357613.3,5609902.9,0.232142850756645,0.337999999523163,7710
"1093",357613.5,5609902.9,0.0943396240472794,0.451999992132187,4957.61279296875
"1094",357613.7,5609902.9,0.513513505458832,0.469999998807907,3712.22216796875
"1095",357613.9,5609902.9,0.489795923233032,0.321000009775162,4915.125
"1096",357614.1,5609902.9,0.235294118523598,0.39300000667572,4123.173828125
"1097",357614.3,5609902.9,0.333333343267441,0.193000003695488,5041.15380859375
"1098",357614.5,5609902.9,0.375,0.294999986886978,4097.72216796875
"1099",357614.7,5609902.9,0.441860467195511,0.352999985218048,4079.875
"1100",357614.9,5609902.9,0.195652171969414,0.303999990224838,4201.39111328125
"1101",357615.1,5609902.9,0.408163279294968,0.479999989271164,3944.94995117188
"1102",357615.3,5609902.9,0.625,0.416000008583069,3180.375
"1103",357615.5,5609902.9,0.358974367380142,0.388000011444092,4234.380859375
"1104",357615.7,5609902.9,0.327272713184357,0.296999990940094,4378.1787109375
"1105",357615.9,5609902.9,0.595238089561462,0.196999996900558,4476.08349609375
"1106",357616.1,5609902.9,0.558139562606812,0.209999993443489,4677.39990234375
"1107",357616.3,5609902.9,0.454545468091965,0.159999996423721,3416.58813476562
"1108",357616.5,5609902.9,0.367346942424774,0.356000006198883,4850.875
"1109",357616.7,5609902.9,0.400000005960464,0.314000010490417,4145.52197265625
"1110",357616.9,5609902.9,0.333333343267441,0.305000007152557,4009.19995117188
"1111",357617.1,5609902.9,0.355555564165115,0.377999991178513,4997.22216796875
"1112",357617.3,5609902.9,0.730769217014313,0.335999995470047,4626
"1115",357607.3,5609902.7,0.945945918560028,0.0610000006854534,3084
"1116",357607.5,5609902.7,0.933333337306976,0.0949999988079071,3598
"1117",357607.7,5609902.7,0.957446813583374,0.187000006437302,3598
"1118",357607.9,5609902.7,0.980769217014313,0.199000000953674,5397
"1119",357608.1,5609902.7,0.929824590682983,0.275999993085861,5654
"1120",357608.3,5609902.7,0.928571403026581,0.289000004529953,4711.66650390625
"1121",357608.5,5609902.7,0.897959172725677,0.303999990224838,4690.25
"1122",357608.7,5609902.7,0.843137264251709,0.263999998569489,2827
"1123",357608.9,5609902.7,0.75,0.538999974727631,2762.75
"1124",357609.1,5609902.7,0.745098054409027,0.532999992370605,3831.63647460938
"1125",357609.3,5609902.7,0.711538434028625,0.479999989271164,3200.81811523438
"1126",357609.5,5609902.7,0.540000021457672,0.333999991416931,5250.14306640625
"1127",357609.7,5609902.7,0.553571403026581,0.314000010490417,3669.38891601562
"1128",357609.9,5609902.7,0.595238089561462,0.423000007867813,4446.10009765625
"1129",357610.1,5609902.7,0.471698105335236,0.423000007867813,3952.90478515625
"1130",357610.3,5609902.7,0.547169804573059,0.44200000166893,4323.64697265625
"1131",357610.5,5609902.7,0.272727280855179,0.439999997615814,3919.25
"1132",357610.7,5609902.7,0.482142865657806,0.462000012397766,6476.39990234375
"1133",357610.9,5609902.7,0.381818175315857,0.52700001001358,5104.95458984375
"1134",357611.1,5609902.7,0.333333343267441,0.479999989271164,5341.13037109375
"1135",357611.3,5609902.7,0.130434781312943,0.432000011205673,4460.193359375
"1136",357611.5,5609902.7,0.264150947332382,0.30799999833107,4030.22729492188
"1137",357611.7,5609902.7,0.125,0.328999996185303,3700.80004882812
"1138",357611.9,5609902.7,0.0892857164144516,0.419999986886978,4773.9697265625
"1139",357612.1,5609902.7,0.219512194395065,0.465999990701675,4226.22216796875
"1140",357612.3,5609902.7,0.5,0.488999992609024,5284.5625
"1141",357612.5,5609902.7,0.0377358496189117,0.40599998831749,6277.0302734375
"1142",357612.7,5609902.7,0.0465116277337074,0.42399999499321,5947.71435546875
"1143",357612.9,5609902.7,0.128205135464668,0.505999982357025,5017.619140625
"1144",357613.1,5609902.7,0.102040819823742,0.305999994277954,6052.79296875
"1145",357613.3,5609902.7,0.0465116277337074,0.425000011920929,6821.20849609375
"1146",357613.5,5609902.7,0.219512194395065,0.504999995231628,5373.63623046875
"1147",357613.7,5609902.7,0.474999994039536,0.531000018119812,3383.83325195312
"1148",357613.9,5609902.7,0.400000005960464,0.34799998998642,4487.615234375
"1149",357614.1,5609902.7,0.261904776096344,0.381999999284744,4127.11767578125
"1150",357614.3,5609902.7,0.297872334718704,0.323000013828278,4765.20849609375
"1151",357614.5,5609902.7,0.354166656732559,0.400999993085861,3983.5
"1152",357614.7,5609902.7,0.5,0.264999985694885,4883
"1153",357614.9,5609902.7,0.270833343267441,0.328000009059906,4547.78271484375
"1154",357615.1,5609902.7,0.418604642152786,0.400000005960464,3836.64282226562
"1155",357615.3,5609902.7,0.555555582046509,0.375,4818.75
"1156",357615.5,5609902.7,0.189655169844627,0.38400000333786,4280.65625
"1157",357615.7,5609902.7,0.392857134342194,0.377000004053116,4711.66650390625
"1158",357615.9,5609902.7,0.428571432828903,0.263999998569489,4054.88891601562
"1159",357616.1,5609902.7,0.545454561710358,0.165000006556511,5105.7333984375
"1160",357616.3,5609902.7,0.547169804573059,0.225999996066093,3786.46655273438
"1161",357616.5,5609902.7,0.323529422283173,0.259999990463257,5669.11767578125
"1162",357616.7,5609902.7,0.29268291592598,0.321000009775162,4381.85009765625
"1163",357616.9,5609902.7,0.210526317358017,0.259999990463257,4677.39990234375
"1164",357617.1,5609902.7,0.488372087478638,0.335999995470047,5525.5
"1165",357617.3,5609902.7,0.944444417953491,0.119000002741814,5397
"1169",357607.5,5609902.5,0.981481492519379,0.0879999995231628,3598
"1174",357608.5,5609902.5,1,0.0209999997168779,6682
"1175",357608.7,5609902.5,1,0.0740000009536743,8609.5
"1176",357608.9,5609902.5,0.955555558204651,0.116999998688698,13364
"1177",357609.1,5609902.5,0.936170220375061,0.111000001430511,6425
"1179",357609.5,5609902.5,0.980000019073486,0.0989999994635582,6682
"1180",357609.7,5609902.5,0.957446813583374,0.0829999968409538,2827
"1181",357609.9,5609902.5,0.941176474094391,0.177000001072884,1927.5
"1182",357610.1,5609902.5,0.888888895511627,0.266000002622604,4112
"1183",357610.3,5609902.5,0.770833313465118,0.377999991178513,3790.75
"1184",357610.5,5609902.5,0.72972971200943,0.28999999165535,4772.85693359375
"1185",357610.7,5609902.5,0.740740716457367,0.358999997377396,3769.33325195312
"1186",357610.9,5609902.5,0.653846144676208,0.266000002622604,3995.18188476562
"1187",357611.1,5609902.5,0.61224490404129,0.412999987602234,3925.0908203125
"1188",357611.3,5609902.5,0.470588237047195,0.550000011920929,3760.31567382812
"1189",357611.5,5609902.5,0.533333361148834,0.559000015258789,3700.80004882812
"1190",357611.7,5609902.5,0.45652174949646,0.508000016212463,3368.052734375
"1191",357611.9,5609902.5,0.52173912525177,0.522000014781952,3735.06665039062
"1192",357612.1,5609902.5,0.326086968183517,0.456000000238419,4418.4228515625
"1193",357612.3,5609902.5,0.466666668653488,0.439000010490417,4467.84619140625
"1194",357612.5,5609902.5,0.200000002980232,0.453000009059906,4979.375
"1195",357612.7,5609902.5,0.100000001490116,0.432000011205673,5314.0966796875
"1196",357612.9,5609902.5,0.139534890651703,0.374000012874603,5869.8798828125
"1197",357613.1,5609902.5,0.180000007152557,0.363000005483627,4255.919921875
"1198",357613.3,5609902.5,0.0217391308397055,0.344999998807907,5048.21435546875
"1199",357613.5,5609902.5,0.0909090936183929,0.532999992370605,5128.826171875
"1200",357613.7,5609902.5,0.415094345808029,0.493999987840652,4846.28564453125
"1201",357613.9,5609902.5,0.391304343938828,0.409000009298325,3405.25
"1202",357614.1,5609902.5,0.27118644118309,0.326999992132187,5509.4375
"1203",357614.3,5609902.5,0.375,0.28099998831749,4649.36376953125
"1204",357614.5,5609902.5,0.326086968183517,0.374000012874603,3891.71435546875
"1205",357614.7,5609902.5,0.395833343267441,0.314000010490417,5385.318359375
"1206",357614.9,5609902.5,0.318181812763214,0.384999990463257,4736.14306640625
"1207",357615.1,5609902.5,0.342857152223587,0.532999992370605,3598
"1208",357615.3,5609902.5,0.479999989271164,0.425999999046326,3437.375
"1209",357615.5,5609902.5,0.348837196826935,0.308999985456467,4474.82373046875
"1210",357615.7,5609902.5,0.409090906381607,0.33899998664856,5011.5
"1211",357615.9,5609902.5,0.5686274766922,0.238999992609024,4405.71435546875
"1212",357616.1,5609902.5,0.659090936183929,0.279000014066696,5803.91650390625
"1213",357616.3,5609902.5,0.510638296604156,0.270999997854233,4096.88232421875
"1214",357616.5,5609902.5,0.245283022522926,0.41499999165535,4064.40747070312
"1215",357616.7,5609902.5,0.289473682641983,0.340999990701675,5088.60009765625
"1216",357616.9,5609902.5,0.349206358194351,0.328000009059906,4626
"1217",357617.1,5609902.5,0.558139562606812,0.372999995946884,5054.33349609375
"1223",357607.7,5609902.3,1,0.063000001013279,5654
"1224",357607.9,5609902.3,0.92592591047287,0.063000001013279,3512.33325195312
"1225",357608.1,5609902.3,1,0.00999999977648258,5911
"1226",357608.3,5609902.3,0.979166686534882,0.0740000009536743,3598
"1227",357608.5,5609902.3,0.981481492519379,0.112000003457069,6682
"1228",357608.7,5609902.3,1,0.0970000028610229,6296.5
"1229",357608.9,5609902.3,0.977272748947144,0.0570000000298023,3855
"1230",357609.1,5609902.3,1,0.0780000016093254,3855
"1231",357609.3,5609902.3,1,0.0489999987185001,5268.5
"1232",357609.5,5609902.3,1,0.0410000011324883,5311.33349609375
"1233",357609.7,5609902.3,0.979166686534882,0.0670000016689301,4369
"1234",357609.9,5609902.3,0.976744174957275,0.0790000036358833,6682
"1237",357610.5,5609902.3,0.925000011920929,0.0920000001788139,5140
"1238",357610.7,5609902.3,0.981818199157715,0.148000001907349,5654
"1239",357610.9,5609902.3,1,0.0379999987781048,5911
"1240",357611.1,5609902.3,0.954545438289642,0.209000006318092,3726.5
"1241",357611.3,5609902.3,0.959999978542328,0.196999996900558,6425
"1242",357611.5,5609902.3,1,0.105999998748302,4840.16650390625
"1243",357611.7,5609902.3,0.878048777580261,0.425000011920929,3255.33325195312
"1244",357611.9,5609902.3,0.911764681339264,0.241999998688698,5140
"1245",357612.1,5609902.3,0.897435903549194,0.337999999523163,3084
"1246",357612.3,5609902.3,0.878048777580261,0.398999989032745,4112
"1247",357612.5,5609902.3,0.745454549789429,0.458999991416931,4766.181640625
"1248",357612.7,5609902.3,0.585365831851959,0.414000004529953,5467.0908203125
"1249",357612.9,5609902.3,0.545454561710358,0.333999991416931,5011.5
"1250",357613.1,5609902.3,0.481481492519379,0.287999987602234,4073.44995117188
"1251",357613.3,5609902.3,0.379999995231628,0.495000004768372,4829.45849609375
"1252",357613.5,5609902.3,0.461538463830948,0.416999995708466,4442.4287109375
"1253",357613.7,5609902.3,0.600000023841858,0.46900001168251,4352.9375
"1254",357613.9,5609902.3,0.404761910438538,0.351000010967255,4532.54541015625
"1255",357614.1,5609902.3,0.305084735155106,0.423000007867813,4230.615234375
"1256",357614.3,5609902.3,0.473684221506119,0.279000014066696,4645.76904296875
"1257",357614.5,5609902.3,0.512820541858673,0.337999999523163,3572.30004882812
"1258",357614.7,5609902.3,0.244444444775581,0.330000013113022,3914.3076171875
"1259",357614.9,5609902.3,0.214285716414452,0.425000011920929,4226.22216796875
"1260",357615.1,5609902.3,0.388888895511627,0.526000022888184,5225.66650390625
"1261",357615.3,5609902.3,0.400000005960464,0.470999985933304,3824.7646484375
"1262",357615.5,5609902.3,0.133333340287209,0.425999999046326,4321.4072265625
"1263",357615.7,5609902.3,0.34042552113533,0.323000013828278,5294.2001953125
"1264",357615.9,5609902.3,0.480769217014313,0.370999991893768,3636.55004882812
"1265",357616.1,5609902.3,0.434782594442368,0.284999996423721,4754.5
"1266",357616.3,5609902.3,0.372549027204514,0.328999996185303,4436.63134765625
"1267",357616.5,5609902.3,0.145454540848732,0.314999997615814,4172.470703125
"1268",357616.7,5609902.3,0.174999997019768,0.314000010490417,3549.04760742188
"1269",357616.9,5609902.3,0.160714283585548,0.361000001430511,4360.96875
"1270",357617.1,5609902.3,0.651162803173065,0.395999997854233,3383.83325195312
"1276",357607.7,5609902.1,0.93478262424469,0.105999998748302,5654
"1277",357607.9,5609902.1,1,0.0920000001788139,3855
"1278",357608.1,5609902.1,0.977272748947144,0.0590000003576279,5911
"1279",357608.3,5609902.1,0.97560977935791,0.0920000001788139,5461.25
"1280",357608.5,5609902.1,0.980769217014313,0.0829999968409538,3598
"1281",357608.7,5609902.1,0.948717951774597,0.0970000028610229,6296.5
"1282",357608.9,5609902.1,0.91304349899292,0.0829999968409538,5054.33349609375
"1283",357609.1,5609902.1,0.967213094234467,0.105999998748302,3855
"1284",357609.3,5609902.1,0.954545438289642,0.104999996721745,5268.5
"1285",357609.5,5609902.1,0.948275864124298,0.0979999974370003,5311.33349609375
"1286",357609.7,5609902.1,0.961538434028625,0.104999996721745,5911
"1287",357609.9,5609902.1,1,0.0439999997615814,6682
"1288",357610.1,5609902.1,1,0.0610000006854534,6682
"1289",357610.3,5609902.1,0.980769217014313,0.0829999968409538,4497.5
"1290",357610.5,5609902.1,0.979166686534882,0.0719999969005585,3598
"1291",357610.7,5609902.1,0.959999978542328,0.0989999994635582,5782.5
"1292",357610.9,5609902.1,0.980392158031464,0.118000000715256,5911
"1293",357611.1,5609902.1,1,0.0850000008940697,5911
"1294",357611.3,5609902.1,0.97826087474823,0.0879999995231628,6425
"1296",357611.7,5609902.1,0.980000019073486,0.109999999403954,6425
"1297",357611.9,5609902.1,0.95652174949646,0.0780000016093254,5140
"1298",357612.1,5609902.1,1,0.063000001013279,4883
"1299",357612.3,5609902.1,0.974358975887299,0.0810000002384186,5140
"1300",357612.5,5609902.1,0.951219499111176,0.167999997735023,2955.5
"1301",357612.7,5609902.1,0.967741906642914,0.12899999320507,6425
"1302",357612.9,5609902.1,0.861111104488373,0.127000004053116,3598
"1303",357613.1,5609902.1,0.960784316062927,0.219999998807907,3855
"1304",357613.3,5609902.1,0.851063847541809,0.437000006437302,2998.33325195312
"1305",357613.5,5609902.1,0.757575750350952,0.46000000834465,3555.16674804688
"1306",357613.7,5609902.1,0.953488349914551,0.33899998664856,4883
"1307",357613.9,5609902.1,0.838709652423859,0.254000008106232,2955.5
"1308",357614.1,5609902.1,0.916666686534882,0.314999997615814,3726.5
"1309",357614.3,5609902.1,0.75,0.351999998092651,3855
"1310",357614.5,5609902.1,0.725000023841858,0.296999990940094,2741.33325195312
"1311",357614.7,5609902.1,0.688888907432556,0.416999995708466,4797.33349609375
"1312",357614.9,5609902.1,0.547619044780731,0.467000007629395,4942.3076171875
"1313",357615.1,5609902.1,0.702702701091766,0.476000010967255,3883.5556640625
"1314",357615.3,5609902.1,0.769230782985687,0.35699999332428,3084
"1315",357615.5,5609902.1,0.409090906381607,0.377000004053116,3970.64990234375
"1316",357615.7,5609902.1,0.512195110321045,0.368000000715256,3820.7333984375
"1317",357615.9,5609902.1,0.439999997615814,0.272000014781952,3451.14282226562
"1318",357616.1,5609902.1,0.372549027204514,0.28600001335144,4022.05004882812
"1319",357616.3,5609902.1,0.446808516979218,0.229000002145767,4717.78564453125
"1320",357616.5,5609902.1,0.245614036917686,0.316000014543533,4152.15625
"1321",357616.7,5609902.1,0.190476194024086,0.317999988794327,5583.9091796875
"1322",357616.9,5609902.1,0.363636374473572,0.324000000953674,4714.62060546875
"1323",357617.1,5609902.1,0.75,0.310000002384186,5286.85693359375
"1330",357607.9,5609901.9,0.952380955219269,0.0860000029206276,3855
"1331",357608.1,5609901.9,0.916666686534882,0.0780000016093254,5011.5
"1334",357608.7,5609901.9,0.976190447807312,0.090999998152256,5911
"1336",357609.1,5609901.9,0.966101706027985,0.105999998748302,5911
"1337",357609.3,5609901.9,0.974358975887299,0.0480000004172325,3855
"1338",357609.5,5609901.9,0.962264180183411,0.126000002026558,3598
"1339",357609.7,5609901.9,0.97826087474823,0.112999998033047,6682
"1340",357609.9,5609901.9,0.951219499111176,0.0829999968409538,6682
"1341",357610.1,5609901.9,0.976190447807312,0.0949999988079071,6682
"1342",357610.3,5609901.9,0.933333337306976,0.0920000001788139,4497.5
"1343",357610.5,5609901.9,1,0.104000002145767,5011.5
"1345",357610.9,5609901.9,0.93478262424469,0.14300000667572,5911
"1346",357611.1,5609901.9,0.980000019073486,0.0689999982714653,6425
"1347",357611.3,5609901.9,0.952380955219269,0.112999998033047,3855
"1348",357611.5,5609901.9,1,0.0670000016689301,3598
"1349",357611.7,5609901.9,1,0.0890000015497208,2827
"1350",357611.9,5609901.9,0.962264180183411,0.0810000002384186,6168
"1351",357612.1,5609901.9,0.918918907642365,0.0810000002384186,4883
"1352",357612.3,5609901.9,0.951219499111176,0.109999999403954,6939
"1353",357612.5,5609901.9,0.979166686534882,0.0390000008046627,6425
"1354",357612.7,5609901.9,0.976744174957275,0.0659999996423721,6425
"1355",357612.9,5609901.9,1,0.0989999994635582,5654
"1356",357613.1,5609901.9,1,0.0230000000447035,6168
"1357",357613.3,5609901.9,1,0.0780000016093254,6168
"1358",357613.5,5609901.9,0.97560977935791,0.178000003099442,3598
"1362",357614.3,5609901.9,0.928571403026581,0.280000001192093,4454.66650390625
"1364",357614.7,5609901.9,0.959999978542328,0.123000003397465,3084
"1366",357615.1,5609901.9,0.977777779102325,0.0869999974966049,5654
"1368",357615.5,5609901.9,0.863636374473572,0.202000007033348,4883
"1370",357615.9,5609901.9,0.833333313465118,0.238000005483627,3812.16674804688
"1371",357616.1,5609901.9,0.789473712444305,0.31700000166893,3405.25
"1372",357616.3,5609901.9,0.844444453716278,0.282999992370605,3383.83325195312
"1373",357616.5,5609901.9,0.744186043739319,0.352999985218048,3675.10009765625
"1374",357616.7,5609901.9,0.794871807098389,0.430000007152557,3426.66674804688
"1375",357616.9,5609901.9,0.75,0.368000000715256,3283.88891601562
"1376",357617.1,5609901.9,0.868421077728271,0.29899999499321,2827
"1390",357609.3,5609901.7,1,0.0549999997019768,3855
"1391",357609.5,5609901.7,0.952380955219269,0.0579999983310699,6425
"1392",357609.7,5609901.7,0.959999978542328,0.0419999994337559,5911
"1393",357609.9,5609901.7,1,0.0560000017285347,6682
"1394",357610.1,5609901.7,0.967741906642914,0.0839999988675117,6682
"1395",357610.3,5609901.7,0.931818187236786,0.0370000004768372,5525.5
"1396",357610.5,5609901.7,1,0.0780000016093254,5011.5
"1399",357611.1,5609901.7,0.978723406791687,0.100000001490116,6425
"1400",357611.3,5609901.7,0.936170220375061,0.068000003695488,5654
"1401",357611.5,5609901.7,0.959999978542328,0.0540000014007092,3598
"1402",357611.7,5609901.7,0.978723406791687,0.0700000002980232,2827
"1403",357611.9,5609901.7,0.939999997615814,0.104000002145767,4754.5
"1404",357612.1,5609901.7,1,0.0689999982714653,4883
"1405",357612.3,5609901.7,1,0.0359999984502792,6939
"1406",357612.5,5609901.7,0.978723406791687,0.0920000001788139,6425
"1407",357612.7,5609901.7,1,0.0689999982714653,6425
"1408",357612.9,5609901.7,0.955555558204651,0.140000000596046,5654
"1409",357613.1,5609901.7,0.975000023841858,0.063000001013279,6168
"1410",357613.3,5609901.7,0.944444417953491,0.0670000016689301,6168
"1413",357613.9,5609901.7,0.974358975887299,0.0949999988079071,6168
"1424",357616.1,5609901.7,1,0.0359999984502792,3405.25
"1425",357616.3,5609901.7,1,0.0579999983310699,3383.83325195312
"1426",357616.5,5609901.7,0.980000019073486,0.00600000005215406,3675.10009765625
"1427",357616.7,5609901.7,0.980769217014313,0.112000003457069,3084
"1428",357616.9,5609901.7,1,0.101000003516674,3283.88891601562
"1429",357617.1,5609901.7,1,0.0719999969005585,2827
"1452",357611.1,5609901.5,0.857142865657806,0.0689999982714653,6425
"1456",357611.9,5609901.5,0.899999976158142,0.112999998033047,5825.33349609375
"1459",357612.5,5609901.5,0.975000023841858,0.123000003397465,6425
"1460",357612.7,5609901.5,0.972222208976746,0.090999998152256,6425
"1461",357612.9,5609901.5,0.955555558204651,0.0900000035762787,4883
"1462",357613.1,5609901.5,0.97826087474823,0.0759999975562096,4112
"1464",357613.5,5609901.5,0.977777779102325,0.0930000022053719,3598
"1465",357613.7,5609901.5,0.93478262424469,0.128000006079674,7067.5
"1466",357613.9,5609901.5,0.969696998596191,0.0850000008940697,12079
"1467",357614.1,5609901.5,0.947368443012238,0.122000001370907,5996.66650390625
"1468",357614.3,5609901.5,0.957446813583374,0.0489999987185001,3598
"1469",357614.5,5609901.5,0.976190447807312,0.0640000030398369,5911
"1470",357614.7,5609901.5,0.978723406791687,0.108000002801418,6168
"1471",357614.9,5609901.5,0.972222208976746,0.0410000011324883,8352.5
"1476",357615.9,5609901.5,0.972972989082336,0.111000001430511,4754.5
"1477",357616.1,5609901.5,0.938775539398193,0.0810000002384186,5782.5
"1478",357616.3,5609901.5,0.980392158031464,0.0640000030398369,3598
"1482",357617.1,5609901.5,0.931818187236786,0.0900000035762787,5911
"1514",357612.9,5609901.3,0.909090936183929,0.0560000017285347,6425
"1517",357613.5,5609901.3,0.899999976158142,0.0659999996423721,1799
"1521",357614.3,5609901.3,0.914285719394684,0.0500000007450581,5140
"1522",357614.5,5609901.3,0.925000011920929,0.0979999974370003,5911
"1523",357614.7,5609901.3,0.979591846466064,0.0729999989271164,10537
"1528",357615.7,5609901.3,0.979166686534882,0.0659999996423721,5911
"1529",357615.9,5609901.3,0.953488349914551,0.101999998092651,4754.5
"1530",357616.1,5609901.3,0.974358975887299,0.046000000089407,5911
"1574",357614.3,5609901.1,1,-0.0320000015199184,5140
"1575",357614.5,5609901.1,1,0.0700000002980232,5911
"1582",357615.9,5609901.1,1,0.0500000007450581,4754.5
"1583",357616.1,5609901.1,0.980000019073486,0.135000005364418,5911
"1586",357616.7,5609901.1,0.980392158031464,0.101999998092651,3598
"1588",357617.1,5609901.1,0.971428573131561,0.0989999994635582,5911
